{"info":{"year":2021,"version":"1.0","description":"HyperLabel COCO Export - welds","contributor":"Sense + Hyperlabel","url":"https://www.hyperlabel.com","date_created":"2021-08-12T10:20:44.987362Z"},"licenses":{"url":"https://creativecommons.org/licenses/by/2.0/","id":2,"name":"Attribution License"},"images":[{"id":1,"width":1478,"height":936,"file_name":"img/01FCWY62Q6KCF0XXQFMD8E3JH1.jpeg","license":2,"date_captured":"2021-08-12T10:20:44.987362Z"},{"id":2,"width":2048,"height":1536,"file_name":"img/01FCWY6469N2PTZ4S0MQ5J2JRD.jpeg","license":2,"date_captured":"2021-08-12T10:20:44.987362Z"},{"id":3,"width":2048,"height":1536,"file_name":"img/01FCWY389S5K9BSHJC986BT2XG.jpeg","license":2,"date_captured":"2021-08-12T10:20:44.987362Z"},{"id":4,"width":1478,"height":936,"file_name":"img/01FCWY38ZJEYZ8NE1AF92W061T.jpeg","license":2,"date_captured":"2021-08-12T10:20:44.987362Z"},{"id":5,"width":2048,"height":1536,"file_name":"img/01FCWY3BYJS3KEXBY728RK0BME.jpeg","license":2,"date_captured":"2021-08-12T10:20:44.987362Z"},{"id":6,"width":1478,"height":936,"file_name":"img/01FCWY3GZRNTZZS6K7Q2EDYT58.jpeg","license":2,"date_captured":"2021-08-12T10:20:44.987362Z"},{"id":7,"width":1466,"height":936,"file_name":"img/01FCWY3YHXN3GYT9YY9Q6HVCMH.jpeg","license":2,"date_captured":"2021-08-12T10:20:44.987362Z"},{"id":8,"width":2048,"height":1536,"file_name":"img/01FCWY34WBM1DG743E4Q2EH71H.jpeg","license":2,"date_captured":"2021-08-12T10:20:44.987362Z"},{"id":9,"width":2048,"height":1536,"file_name":"img/01FCWY3G93G16Z4NG56VRCQTTH.jpeg","license":2,"date_captured":"2021-08-12T10:20:44.987362Z"},{"id":10,"width":1478,"height":936,"file_name":"img/01FCWY5BYPBWW192SMJE4AHZ4S.jpeg","license":2,"date_captured":"2021-08-12T10:20:44.987362Z"},{"id":11,"width":1478,"height":936,"file_name":"img/01FCWY3TF3CP4DP7Z9JX5GB9ZZ.jpeg","license":2,"date_captured":"2021-08-12T10:20:44.987362Z"},{"id":12,"width":2048,"height":1536,"file_name":"img/01FCWY3D1M6T02R389DXED0QMQ.jpeg","license":2,"date_captured":"2021-08-12T10:20:44.987362Z"},{"id":13,"width":2048,"height":1536,"file_name":"img/01FCWY6FBNQ1ZMC2Z28SK3BWKS.jpeg","license":2,"date_captured":"2021-08-12T10:20:44.987362Z"},{"id":14,"width":1478,"height":936,"file_name":"img/01FCWY36Y7KYDRN45FVQS1J1W4.jpeg","license":2,"date_captured":"2021-08-12T10:20:44.987362Z"},{"id":15,"width":1478,"height":936,"file_name":"img/01FCWY40HZ5D9QHHERYWH6WPRM.jpeg","license":2,"date_captured":"2021-08-12T10:20:44.987362Z"},{"id":16,"width":2048,"height":1536,"file_name":"img/01FCWY3XQYMGTY13MV5GECDJPW.jpeg","license":2,"date_captured":"2021-08-12T10:20:44.987362Z"},{"id":17,"width":1478,"height":936,"file_name":"img/01FCWY3J9FH7KS1PE03K0M6D4E.jpeg","license":2,"date_captured":"2021-08-12T10:20:44.987362Z"},{"id":18,"width":1478,"height":936,"file_name":"img/01FCWY486P5QNVT16QC5WECV99.jpeg","license":2,"date_captured":"2021-08-12T10:20:44.987362Z"},{"id":19,"width":1478,"height":936,"file_name":"img/01FCWY3P582CXWZSW99AVW6YKY.jpeg","license":2,"date_captured":"2021-08-12T10:20:44.987362Z"},{"id":20,"width":2048,"height":1536,"file_name":"img/01FCWY4MTRVVRPWY7NQDA4CR7X.jpeg","license":2,"date_captured":"2021-08-12T10:20:44.987362Z"},{"id":21,"width":1478,"height":936,"file_name":"img/01FCWY3PXS1TKCH3SC1ZCMDB0E.jpeg","license":2,"date_captured":"2021-08-12T10:20:44.987362Z"},{"id":22,"width":1478,"height":936,"file_name":"img/01FCWY42V8PKPTB44FW3V06JQQ.jpeg","license":2,"date_captured":"2021-08-12T10:20:44.987362Z"},{"id":23,"width":2048,"height":1536,"file_name":"img/01FCWY4T759VW4NR34SVV01QV2.jpeg","license":2,"date_captured":"2021-08-12T10:20:44.987362Z"},{"id":24,"width":1478,"height":936,"file_name":"img/01FCWY3HN9115HR1ZSD25VZRW3.jpeg","license":2,"date_captured":"2021-08-12T10:20:44.987362Z"},{"id":25,"width":2048,"height":1536,"file_name":"img/01FCWY442TF20RN86924VCHWMP.jpeg","license":2,"date_captured":"2021-08-12T10:20:44.987362Z"},{"id":26,"width":2048,"height":1536,"file_name":"img/01FCWY68VR8EPBV6VG0JGHKJFQ.jpeg","license":2,"date_captured":"2021-08-12T10:20:44.987362Z"},{"id":27,"width":1478,"height":936,"file_name":"img/01FCWY3Z7MRWB58REE4BMK5J30.jpeg","license":2,"date_captured":"2021-08-12T10:20:44.987362Z"},{"id":28,"width":1478,"height":936,"file_name":"img/01FCWY41BN2PVWRFWRVXP9D5B5.jpeg","license":2,"date_captured":"2021-08-12T10:20:44.987362Z"},{"id":29,"width":1478,"height":936,"file_name":"img/01FCWY3ZT04XKM4K0M2ZTBMYAF.jpeg","license":2,"date_captured":"2021-08-12T10:20:44.987362Z"},{"id":30,"width":1478,"height":936,"file_name":"img/01FCWY47HHYGFYEKXM924YT875.jpeg","license":2,"date_captured":"2021-08-12T10:20:44.987362Z"},{"id":31,"width":2048,"height":1536,"file_name":"img/01FCWY6CSXAVSTVR6QV3998WN8.jpeg","license":2,"date_captured":"2021-08-12T10:20:44.987362Z"},{"id":32,"width":2048,"height":1536,"file_name":"img/01FCWY4RBF2K6JF4FBNX22N1EG.jpeg","license":2,"date_captured":"2021-08-12T10:20:44.987362Z"},{"id":33,"width":1478,"height":936,"file_name":"img/01FCWY4DERNM7D4E413VD97GP0.jpeg","license":2,"date_captured":"2021-08-12T10:20:44.987362Z"},{"id":34,"width":1478,"height":936,"file_name":"img/01FCWY5MRN6SJ68NDF35PXB1AJ.jpeg","license":2,"date_captured":"2021-08-12T10:20:44.987362Z"},{"id":35,"width":1478,"height":936,"file_name":"img/01FCWY5T97RVF56KKDTEHYCCBQ.jpeg","license":2,"date_captured":"2021-08-12T10:20:44.987362Z"},{"id":36,"width":2048,"height":1536,"file_name":"img/01FCWY5A9EBSAJKCE9ASDHJS07.jpeg","license":2,"date_captured":"2021-08-12T10:20:44.987362Z"},{"id":37,"width":1478,"height":936,"file_name":"img/01FCWY4V52EHEYNAYENYZ7AGBX.jpeg","license":2,"date_captured":"2021-08-12T10:20:44.987362Z"},{"id":38,"width":2048,"height":1536,"file_name":"img/01FCWY5KTH3MJBDNDKKGA7XGCE.jpeg","license":2,"date_captured":"2021-08-12T10:20:44.987362Z"},{"id":39,"width":2048,"height":1536,"file_name":"img/01FCWY5EJH6NNRNHKJ9NVX83JS.jpeg","license":2,"date_captured":"2021-08-12T10:20:44.987362Z"},{"id":40,"width":1466,"height":936,"file_name":"img/01FCWY5B9B2RMT6JBTDN94PXDR.jpeg","license":2,"date_captured":"2021-08-12T10:20:44.987362Z"},{"id":41,"width":1466,"height":936,"file_name":"img/01FCWY65K0QXRAT163MGFE9T4W.jpeg","license":2,"date_captured":"2021-08-12T10:20:44.987362Z"},{"id":42,"width":2048,"height":1536,"file_name":"img/01FCWY5GD4RW234BG6F887YE9B.jpeg","license":2,"date_captured":"2021-08-12T10:20:44.987362Z"},{"id":43,"width":2048,"height":1536,"file_name":"img/01FCWY61W7TTMPG64NZ9CTXJK6.jpeg","license":2,"date_captured":"2021-08-12T10:20:44.987362Z"},{"id":44,"width":2048,"height":1536,"file_name":"img/01FCWY5WG3W7QEEPQ4DG8V3Q6Q.jpeg","license":2,"date_captured":"2021-08-12T10:20:44.987362Z"},{"id":45,"width":2048,"height":1536,"file_name":"img/01FCWY67HBKTGBSZAHET16R0TK.jpeg","license":2,"date_captured":"2021-08-12T10:20:44.987362Z"},{"id":46,"width":1478,"height":936,"file_name":"img/01FCWY69TZ5NRM25CEAD576Q0Q.jpeg","license":2,"date_captured":"2021-08-12T10:20:44.987362Z"},{"id":47,"width":1478,"height":936,"file_name":"img/01FCWY5TXMR1DGVNW2H633CKJG.jpeg","license":2,"date_captured":"2021-08-12T10:20:44.987362Z"},{"id":48,"width":1478,"height":936,"file_name":"img/01FCWY5SHMN6H8T1TAJF5P37XP.jpeg","license":2,"date_captured":"2021-08-12T10:20:44.987362Z"},{"id":49,"width":1478,"height":936,"file_name":"img/01FCWY6689Y0KBW2RQ28TFDYRF.jpeg","license":2,"date_captured":"2021-08-12T10:20:44.987362Z"},{"id":50,"width":1478,"height":936,"file_name":"img/01FCWY64W4APQGPRR83NR5ESVQ.jpeg","license":2,"date_captured":"2021-08-12T10:20:44.987362Z"},{"id":51,"width":1478,"height":936,"file_name":"img/01FCWY424BJQ5G70HAKGZ1KEXH.jpeg","license":2,"date_captured":"2021-08-12T10:20:44.987362Z"},{"id":52,"width":2048,"height":1536,"file_name":"img/01FCWY3N65PXN57MYDS5092G9A.jpeg","license":2,"date_captured":"2021-08-12T10:20:44.987362Z"},{"id":53,"width":1478,"height":936,"file_name":"img/01FCWY55MQR83PGZ162S6RTTWX.jpeg","license":2,"date_captured":"2021-08-12T10:20:44.987362Z"},{"id":54,"width":2048,"height":1536,"file_name":"img/01FCWY50DFGVT84VS48G2SEKAD.jpeg","license":2,"date_captured":"2021-08-12T10:20:44.987362Z"},{"id":55,"width":1466,"height":936,"file_name":"img/01FCWY56K98CS68C8YT2MW14MS.jpeg","license":2,"date_captured":"2021-08-12T10:20:44.987362Z"},{"id":56,"width":2048,"height":1536,"file_name":"img/01FCWY5RPJ51NKK9PEKX6DS7CB.jpeg","license":2,"date_captured":"2021-08-12T10:20:44.987362Z"},{"id":57,"width":1466,"height":936,"file_name":"img/01FCWY3KR6KQC2Z25MM8G3Q9SX.jpeg","license":2,"date_captured":"2021-08-12T10:20:44.987362Z"},{"id":58,"width":1478,"height":936,"file_name":"img/01FCWY581021P41DTEKT61KV19.jpeg","license":2,"date_captured":"2021-08-12T10:20:44.987362Z"},{"id":59,"width":1478,"height":936,"file_name":"img/01FCWY5Y3CVF3WCTGJ4RBDFNCK.jpeg","license":2,"date_captured":"2021-08-12T10:20:44.987362Z"},{"id":60,"width":2048,"height":1536,"file_name":"img/01FCWY3R5CW1A30W10R5DXHAR9.jpeg","license":2,"date_captured":"2021-08-12T10:20:44.987362Z"},{"id":61,"width":2048,"height":1536,"file_name":"img/01FCWY3W087Z4WDVBJ1CTR9JWF.jpeg","license":2,"date_captured":"2021-08-12T10:20:44.987362Z"},{"id":62,"width":2048,"height":1536,"file_name":"img/01FCWY4F64SE94D82EW0107AV8.jpeg","license":2,"date_captured":"2021-08-12T10:20:44.987362Z"},{"id":63,"width":1478,"height":936,"file_name":"img/01FCWY5XDD2ST8D3CZV65DWGM2.jpeg","license":2,"date_captured":"2021-08-12T10:20:44.987362Z"},{"id":64,"width":1478,"height":936,"file_name":"img/01FCWY60K0HGBFDPN330NDMC65.jpeg","license":2,"date_captured":"2021-08-12T10:20:44.987362Z"},{"id":65,"width":2048,"height":1536,"file_name":"img/01FCWY4A0JKSMNAT5SP609T7E5.jpeg","license":2,"date_captured":"2021-08-12T10:20:44.987362Z"},{"id":66,"width":1478,"height":936,"file_name":"img/01FCWY4HR4HRV1DV1WQ59NJVM0.jpeg","license":2,"date_captured":"2021-08-12T10:20:44.987362Z"},{"id":67,"width":2048,"height":1536,"file_name":"img/01FCWY4JVE2SAHQPR2A923X172.jpeg","license":2,"date_captured":"2021-08-12T10:20:44.987362Z"},{"id":68,"width":2048,"height":1536,"file_name":"img/01FCWY4PRH5X890DSD1HEVAEAT.jpeg","license":2,"date_captured":"2021-08-12T10:20:44.987362Z"},{"id":69,"width":1466,"height":936,"file_name":"img/01FCWY4S3Y5W4ZSX9EBGJ91BZS.jpeg","license":2,"date_captured":"2021-08-12T10:20:44.987362Z"},{"id":70,"width":2048,"height":1536,"file_name":"img/01FCWY6E6V6CFJS92PX07E5R96.jpeg","license":2,"date_captured":"2021-08-12T10:20:44.987362Z"},{"id":71,"width":2048,"height":1536,"file_name":"img/01FCWY4C2NSZ1JBPGFSGV8YKDP.jpeg","license":2,"date_captured":"2021-08-12T10:20:44.987362Z"},{"id":72,"width":2048,"height":1536,"file_name":"img/01FCWY4H2CRJ4KCYD09WHPKNYE.jpeg","license":2,"date_captured":"2021-08-12T10:20:44.987362Z"},{"id":73,"width":1478,"height":936,"file_name":"img/01FCWY4KM2AJR2C9ZXBJ95BWKQ.jpeg","license":2,"date_captured":"2021-08-12T10:20:44.987362Z"},{"id":74,"width":1478,"height":936,"file_name":"img/01FCWY5YR1JR5YN0T1YRNVXZ5D.jpeg","license":2,"date_captured":"2021-08-12T10:20:44.987362Z"},{"id":75,"width":1478,"height":936,"file_name":"img/01FCWY4CVQQQX9GSCC3R0JBY65.jpeg","license":2,"date_captured":"2021-08-12T10:20:44.987362Z"},{"id":76,"width":2048,"height":1536,"file_name":"img/01FCWY4XQH62953FXG0RV6KAHR.jpeg","license":2,"date_captured":"2021-08-12T10:20:44.987362Z"},{"id":77,"width":2048,"height":1536,"file_name":"img/01FCWY5ZYPQNMDB5RS8SM47PFR.jpeg","license":2,"date_captured":"2021-08-12T10:20:44.987362Z"},{"id":78,"width":1478,"height":936,"file_name":"img/01FCWY4VV8WRY7QZQPB18CBAMW.jpeg","license":2,"date_captured":"2021-08-12T10:20:44.987362Z"},{"id":79,"width":1478,"height":936,"file_name":"img/01FCWY5CQ8R7GT32PC4QN1FQ3J.jpeg","license":2,"date_captured":"2021-08-12T10:20:44.987362Z"},{"id":80,"width":1478,"height":936,"file_name":"img/01FCWY5NK939T3J5VXFXB299VV.jpeg","license":2,"date_captured":"2021-08-12T10:20:44.987362Z"},{"id":81,"width":1478,"height":936,"file_name":"img/01FCWY3697NZN6ZTA9MX03HYDP.jpeg","license":2,"date_captured":"2021-08-12T10:20:44.987362Z"},{"id":82,"width":1478,"height":936,"file_name":"img/01FCWY4WM7HEQ0Q65DB4RTHA9T.jpeg","license":2,"date_captured":"2021-08-12T10:20:44.987362Z"},{"id":83,"width":2048,"height":1536,"file_name":"img/01FCWY5J4WXYN90QWYV99B2A24.jpeg","license":2,"date_captured":"2021-08-12T10:20:44.987362Z"},{"id":84,"width":1478,"height":936,"file_name":"img/01FCWY5PDM8T6TWBDZCR9F72S8.jpeg","license":2,"date_captured":"2021-08-12T10:20:44.987362Z"},{"id":85,"width":2048,"height":1536,"file_name":"img/01FCWY6B0S1CZ02EEMWW7BES64.jpeg","license":2,"date_captured":"2021-08-12T10:20:44.987362Z"},{"id":86,"width":1478,"height":936,"file_name":"img/01FCWY33HKASNNRK6X27WJ1ZEY.jpeg","license":2,"date_captured":"2021-08-12T10:20:44.987362Z"},{"id":87,"width":1478,"height":936,"file_name":"img/01FCWY35K0CAQHMCNJQMGBDN8P.jpeg","license":2,"date_captured":"2021-08-12T10:20:44.987362Z"},{"id":88,"width":2048,"height":1536,"file_name":"img/01FCWY3AAAKBQR9MJ8DTS59VYR.jpeg","license":2,"date_captured":"2021-08-12T10:20:44.987362Z"},{"id":89,"width":2048,"height":1536,"file_name":"img/01FCWY3SNG80A76MV88YZSKK6T.jpeg","license":2,"date_captured":"2021-08-12T10:20:44.987362Z"},{"id":90,"width":2048,"height":1536,"file_name":"img/01FCWY3EGM9WBFVBT4F4QY6C6W.jpeg","license":2,"date_captured":"2021-08-12T10:20:44.987362Z"},{"id":91,"width":1478,"height":936,"file_name":"img/01FCWY3K0R32HXFQTDNFTNZNS5.jpeg","license":2,"date_captured":"2021-08-12T10:20:44.987362Z"},{"id":92,"width":1478,"height":936,"file_name":"img/01FCWY4YCBNSGNE7W609WDM2KD.jpeg","license":2,"date_captured":"2021-08-12T10:20:44.987362Z"},{"id":93,"width":1478,"height":936,"file_name":"img/01FCWY3WMEZ1EKEY6R5FGXWTTQ.jpeg","license":2,"date_captured":"2021-08-12T10:20:44.987362Z"},{"id":94,"width":2048,"height":1536,"file_name":"img/01FCWY46J0NZMT48RBQ1NTT387.jpeg","license":2,"date_captured":"2021-08-12T10:20:44.987362Z"},{"id":95,"width":1478,"height":936,"file_name":"img/01FCWY4Z5MHMFN5KJK8RZNTVFF.jpeg","license":2,"date_captured":"2021-08-12T10:20:44.987362Z"},{"id":96,"width":2048,"height":1536,"file_name":"img/01FCWY457QPMYEXHCVVW20VCMW.jpeg","license":2,"date_captured":"2021-08-12T10:20:44.987362Z"},{"id":97,"width":2048,"height":1536,"file_name":"img/01FCWY527YEYTXVN6JJFQ0B0JM.jpeg","license":2,"date_captured":"2021-08-12T10:20:44.987362Z"},{"id":98,"width":2048,"height":1536,"file_name":"img/01FCWY54S6NMAAH63BQATDVM67.jpeg","license":2,"date_captured":"2021-08-12T10:20:44.987362Z"},{"id":99,"width":1478,"height":936,"file_name":"img/01FCWY58NBYJK9SJDR23ZDYNHK.jpeg","license":2,"date_captured":"2021-08-12T10:20:44.987362Z"},{"id":100,"width":1478,"height":936,"file_name":"img/01FCWY57C7V3KFJ2Z09MRTMXYB.jpeg","license":2,"date_captured":"2021-08-12T10:20:44.987362Z"}],"annotations":[{"id":1,"image_id":1,"category_id":1,"iscrowd":0,"area":0,"bbox":[446.4913624638096,656.214255491501,197.6909021918918,9.589484061546923]},{"id":2,"image_id":2,"category_id":1,"iscrowd":0,"area":0,"bbox":[919.5199557830676,707.233953460476,160.08364515394373,24.8471060606239]},{"id":3,"image_id":3,"category_id":1,"iscrowd":0,"area":0,"bbox":[188.43551453060218,902.8561682893251,159.04955054021627,5.5679446916665825]},{"id":4,"image_id":4,"category_id":1,"iscrowd":0,"area":0,"bbox":[1141.783057860739,847.8802812171278,253.65564184502713,28.781711216773942]},{"id":5,"image_id":5,"category_id":1,"iscrowd":0,"area":0,"bbox":[251.2330711015617,696.7203620438,169.5032899395671,13.48321624519275]},{"id":6,"image_id":6,"category_id":1,"iscrowd":0,"area":0,"bbox":[416.30614391334495,851.6663302391169,285.09150534433064,18.474265442047955]},{"id":7,"image_id":7,"category_id":1,"iscrowd":0,"area":0,"bbox":[1009.1342981964474,748.538675207172,231.27515877471657,8.821440550279426]},{"id":8,"image_id":8,"category_id":1,"iscrowd":0,"area":0,"bbox":[368.7574265932881,647.4775315737689,205.77427753018878,23.821160206696703]},{"id":9,"image_id":9,"category_id":1,"iscrowd":0,"area":0,"bbox":[1097.7052304193921,656.178329724596,233.5708128579863,16.022006455424645]},{"id":10,"image_id":10,"category_id":1,"iscrowd":0,"area":0,"bbox":[449.9099249676474,777.9370636906974,212.21244929010456,25.23257781193314]},{"id":11,"image_id":11,"category_id":1,"iscrowd":0,"area":0,"bbox":[763.7667666103048,841.700618081149,120.03955969742897,19.875143918365453]},{"id":12,"image_id":12,"category_id":1,"iscrowd":0,"area":0,"bbox":[1090.6155623313005,795.3052769286419,209.9398722985161,22.31245019597742]},{"id":13,"image_id":13,"category_id":1,"iscrowd":0,"area":0,"bbox":[957.0649874899129,854.5333981876927,164.476964667547,28.29711220086824]},{"id":14,"image_id":14,"category_id":1,"iscrowd":0,"area":0,"bbox":[341.03858161248564,817.3877816426574,114.07090796760001,7.170171357963277]},{"id":15,"image_id":15,"category_id":1,"iscrowd":0,"area":0,"bbox":[243.75265773554946,861.637708697463,196.5514287712959,6.171159459067402]},{"id":16,"image_id":16,"category_id":1,"iscrowd":0,"area":0,"bbox":[1104.5206712457739,642.0151010039283,190.60020554487414,18.605226137786048]},{"id":17,"image_id":17,"category_id":1,"iscrowd":0,"area":0,"bbox":[186.34936940584117,857.0339112172683,156.16821035446762,3.021392219675297]},{"id":18,"image_id":18,"category_id":1,"iscrowd":0,"area":0,"bbox":[240.6414403583222,643.5777446386271,196.37736164559507,28.83863352837398]},{"id":19,"image_id":19,"category_id":1,"iscrowd":0,"area":0,"bbox":[161.15072060057787,666.6280855635471,200.87415343163693,27.12867929501625]},{"id":20,"image_id":20,"category_id":1,"iscrowd":0,"area":0,"bbox":[998.7224235204515,712.187274419081,229.19446292164275,10.33056803525227]},{"id":21,"image_id":21,"category_id":1,"iscrowd":0,"area":0,"bbox":[895.7432870802455,752.7536835479892,252.15737821019854,26.178924672165504]},{"id":22,"image_id":22,"category_id":1,"iscrowd":0,"area":0,"bbox":[293.31454954335123,759.7354180463155,122.50154026790834,16.731917695128914]},{"id":23,"image_id":23,"category_id":1,"iscrowd":0,"area":0,"bbox":[836.8691604948253,706.0762175705058,128.40334712274444,5.751928593113661]},{"id":24,"image_id":24,"category_id":1,"iscrowd":0,"area":0,"bbox":[878.210099909976,711.4950685898343,108.47838790139262,18.514910845314407]},{"id":25,"image_id":25,"category_id":1,"iscrowd":0,"area":0,"bbox":[1050.7272360059692,842.8870253778282,104.26460388072496,5.957977364612816]},{"id":26,"image_id":26,"category_id":1,"iscrowd":0,"area":0,"bbox":[686.8879935396557,656.3832202153852,121.71420104223603,20.35092750545428]},{"id":27,"image_id":27,"category_id":1,"iscrowd":0,"area":0,"bbox":[1036.652606685699,873.1163480490934,275.81724067674753,29.50603039797763]},{"id":28,"image_id":28,"category_id":1,"iscrowd":0,"area":0,"bbox":[240.1694720535246,819.2094526717032,173.9202201961803,13.147316861482434]},{"id":29,"image_id":29,"category_id":1,"iscrowd":0,"area":0,"bbox":[897.4952162006159,711.8719053423541,183.3947538452223,5.827496851156486]},{"id":30,"image_id":30,"category_id":1,"iscrowd":0,"area":0,"bbox":[841.8887616392494,814.2025863209182,254.59679349089134,22.69133631826126]},{"id":31,"image_id":31,"category_id":1,"iscrowd":0,"area":0,"bbox":[381.8649551266981,695.3972298673261,284.8053392639779,20.179444327882464]},{"id":32,"image_id":32,"category_id":1,"iscrowd":0,"area":0,"bbox":[1037.3886560084848,698.8550631749355,115.57446946130085,5.327079754729368]},{"id":33,"image_id":33,"category_id":1,"iscrowd":0,"area":0,"bbox":[497.5467394387496,785.1045456636363,237.27042642978216,9.438741243434425]},{"id":34,"image_id":34,"category_id":1,"iscrowd":0,"area":0,"bbox":[552.5441459817595,907.9488393239104,147.48924985626232,3.665668490579641]},{"id":35,"image_id":35,"category_id":1,"iscrowd":0,"area":0,"bbox":[873.8377065336681,727.4620533597486,207.8673749957402,8.557621015760855]},{"id":36,"image_id":36,"category_id":1,"iscrowd":0,"area":0,"bbox":[644.3612129238909,839.638560618969,283.9460315704307,21.171414634637415]},{"id":37,"image_id":37,"category_id":1,"iscrowd":0,"area":0,"bbox":[279.9552447854056,783.78309811765,233.15770925962772,14.850809506982777]},{"id":38,"image_id":38,"category_id":1,"iscrowd":0,"area":0,"bbox":[1126.856992525561,725.0384715363581,122.99363825204568,17.97767974450585]},{"id":39,"image_id":39,"category_id":1,"iscrowd":0,"area":0,"bbox":[1169.4000492435646,712.8530463892296,215.4273471563488,14.273306514211043]},{"id":40,"image_id":40,"category_id":1,"iscrowd":0,"area":0,"bbox":[1106.4280029306203,841.9622745987929,248.55077187704146,11.181290581160336]},{"id":41,"image_id":41,"category_id":1,"iscrowd":0,"area":0,"bbox":[790.0037352879418,714.8932755880551,255.97944069129963,6.17644763062119]},{"id":42,"image_id":42,"category_id":1,"iscrowd":0,"area":0,"bbox":[317.6975657552106,711.6252806177148,207.75037885479765,5.0024878761069544]},{"id":43,"image_id":43,"category_id":1,"iscrowd":0,"area":0,"bbox":[154.16532239764632,708.1705248397338,290.29243957516746,15.449737680471145]},{"id":44,"image_id":44,"category_id":1,"iscrowd":0,"area":0,"bbox":[913.9461016430192,787.3580003828843,163.51818725386454,7.6432013872203015]},{"id":45,"image_id":45,"category_id":1,"iscrowd":0,"area":0,"bbox":[476.8768726963624,671.2221410942471,198.36415572023657,9.968048026142583]},{"id":46,"image_id":46,"category_id":1,"iscrowd":0,"area":0,"bbox":[559.056205308239,784.1296812896525,239.57349020358032,9.146711813939932]},{"id":47,"image_id":47,"category_id":1,"iscrowd":0,"area":0,"bbox":[104.7962407522429,703.5494569192086,249.37662545902583,13.007722639442406]},{"id":48,"image_id":48,"category_id":1,"iscrowd":0,"area":0,"bbox":[301.7054524652861,703.702234621385,178.16056050357435,5.6708931725276095]},{"id":49,"image_id":49,"category_id":1,"iscrowd":0,"area":0,"bbox":[152.72653571974567,725.5163943542625,200.62723464489935,20.96540042733338]},{"id":50,"image_id":50,"category_id":1,"iscrowd":0,"area":0,"bbox":[197.7862321108709,789.422303793375,156.97650210894,12.60195304888518]},{"id":51,"image_id":51,"category_id":1,"iscrowd":0,"area":0,"bbox":[778.9943393558938,870.5559685568255,195.07954687476735,16.23927924891339]},{"id":52,"image_id":52,"category_id":1,"iscrowd":0,"area":0,"bbox":[453.52726509772526,681.5490133998516,273.56391991191083,6.303316127002546]},{"id":53,"image_id":53,"category_id":1,"iscrowd":0,"area":0,"bbox":[845.7924335216132,860.8861184686888,180.26609517626864,16.472191451113474]},{"id":54,"image_id":54,"category_id":1,"iscrowd":0,"area":0,"bbox":[207.98698492904006,819.5973909292406,177.89997554350478,26.068511267761153]},{"id":55,"image_id":55,"category_id":1,"iscrowd":0,"area":0,"bbox":[459.18635497099456,773.8037095209396,211.89633333964633,3.8626935765040784]},{"id":56,"image_id":56,"category_id":1,"iscrowd":0,"area":0,"bbox":[931.5725313237008,778.3121856942082,154.65733109322377,9.8789925147654]},{"id":57,"image_id":57,"category_id":1,"iscrowd":0,"area":0,"bbox":[757.7886822541872,725.780417828767,278.66567436853114,24.751315640696514]},{"id":58,"image_id":58,"category_id":1,"iscrowd":0,"area":0,"bbox":[224.99900895297054,802.4402617547304,107.52890529394068,14.242239111780272]},{"id":59,"image_id":59,"category_id":1,"iscrowd":0,"area":0,"bbox":[263.960433365995,871.9935122957601,106.89519517563403,10.278384151503307]},{"id":60,"image_id":60,"category_id":1,"iscrowd":0,"area":0,"bbox":[269.6801576395008,807.9064813789344,175.8651940619264,7.420472323288095]},{"id":61,"image_id":61,"category_id":1,"iscrowd":0,"area":0,"bbox":[987.4009917742923,853.9969667050327,295.2752877419963,12.318690891891094]},{"id":62,"image_id":62,"category_id":1,"iscrowd":0,"area":0,"bbox":[347.29096763562643,729.2681185569365,199.4110811410053,24.84674812939045]},{"id":63,"image_id":63,"category_id":1,"iscrowd":0,"area":0,"bbox":[891.6015984916744,749.7010791892258,174.87548504144561,24.741226179497303]},{"id":64,"image_id":64,"category_id":1,"iscrowd":0,"area":0,"bbox":[837.9665965630425,724.5116803311007,285.7824774821877,25.301496555026823]},{"id":65,"image_id":65,"category_id":1,"iscrowd":0,"area":0,"bbox":[458.16516987348217,679.357805655769,244.52174420174316,5.460783369269677]},{"id":66,"image_id":66,"category_id":1,"iscrowd":0,"area":0,"bbox":[221.30914963083657,769.7417246768161,203.6830332640762,9.227251506929651]},{"id":67,"image_id":67,"category_id":1,"iscrowd":0,"area":0,"bbox":[1043.1562517333523,885.7565963712398,294.5037218898419,5.988712047999002]},{"id":68,"image_id":68,"category_id":1,"iscrowd":0,"area":0,"bbox":[538.2993375471593,770.9876819913723,189.87749220250078,17.822436091209454]},{"id":69,"image_id":69,"category_id":1,"iscrowd":0,"area":0,"bbox":[329.38217308688957,703.8839513524408,129.6728295540932,15.181209313649841]},{"id":70,"image_id":70,"category_id":1,"iscrowd":0,"area":0,"bbox":[946.4322502602298,803.8709501959925,109.11534132153258,15.854365833043346]},{"id":71,"image_id":71,"category_id":1,"iscrowd":0,"area":0,"bbox":[429.5645958195503,692.7086895488511,276.3075956082032,10.042016139945758]},{"id":72,"image_id":72,"category_id":1,"iscrowd":0,"area":0,"bbox":[956.208527208313,655.2749501748101,141.10085545655534,7.992040641093865]},{"id":73,"image_id":73,"category_id":1,"iscrowd":0,"area":0,"bbox":[665.0149610520796,741.8472962408197,199.95443068953853,14.206730494378688]},{"id":74,"image_id":74,"category_id":1,"iscrowd":0,"area":0,"bbox":[741.7361490639278,874.6862971257581,282.09194737085227,18.714392606066347]},{"id":75,"image_id":75,"category_id":1,"iscrowd":0,"area":0,"bbox":[1122.025558454066,674.6284528472253,266.77060607950744,9.17465047363385]},{"id":76,"image_id":76,"category_id":1,"iscrowd":0,"area":0,"bbox":[837.9147866428514,727.4202734870155,176.41060173298843,25.73207273398475]},{"id":77,"image_id":77,"category_id":1,"iscrowd":0,"area":0,"bbox":[551.051856824858,674.0186497753558,113.3158502761371,20.155964691200097]},{"id":78,"image_id":78,"category_id":1,"iscrowd":0,"area":0,"bbox":[780.9529226952912,739.2085247667655,236.12180448165932,10.909918358888508]},{"id":79,"image_id":79,"category_id":1,"iscrowd":0,"area":0,"bbox":[1141.1938313943722,786.6870900505323,258.12564753005114,25.032852940116282]},{"id":80,"image_id":80,"category_id":1,"iscrowd":0,"area":0,"bbox":[576.0650741825668,753.4000356983164,106.11240455087577,26.330621476644104]},{"id":81,"image_id":81,"category_id":1,"iscrowd":0,"area":0,"bbox":[1192.3046630490003,778.530265078302,228.5060925493392,12.171286716545536]},{"id":82,"image_id":82,"category_id":1,"iscrowd":0,"area":0,"bbox":[848.6410633956701,651.3505342085972,146.3838830131449,5.9372484019317175]},{"id":83,"image_id":83,"category_id":1,"iscrowd":0,"area":0,"bbox":[996.5877602595159,654.8066853870195,274.13253457356006,24.311448020285155]},{"id":84,"image_id":84,"category_id":1,"iscrowd":0,"area":0,"bbox":[665.7164082905715,689.6518738402372,246.73917227958222,16.526143937729145]},{"id":85,"image_id":85,"category_id":1,"iscrowd":0,"area":0,"bbox":[469.2068153279013,708.1551444913002,302.3954202065883,11.11507490489086]},{"id":86,"image_id":86,"category_id":1,"iscrowd":0,"area":0,"bbox":[893.0903623565445,831.9738366574364,108.98829142801355,12.76439449156917]},{"id":87,"image_id":87,"category_id":1,"iscrowd":0,"area":0,"bbox":[632.4301397362685,662.9472663335523,245.5267176574143,25.631910085114676]},{"id":88,"image_id":88,"category_id":1,"iscrowd":0,"area":0,"bbox":[101.20392406595899,709.2579983218446,224.03296939087846,10.276741715177963]},{"id":89,"image_id":89,"category_id":1,"iscrowd":0,"area":0,"bbox":[958.0490547852014,824.374013913131,130.90076422186644,25.831084139781638]},{"id":90,"image_id":90,"category_id":1,"iscrowd":0,"area":0,"bbox":[436.3469660983786,777.7835914605796,187.58789946647147,4.96402519479534]},{"id":91,"image_id":91,"category_id":1,"iscrowd":0,"area":0,"bbox":[547.095194200082,816.6218002465841,220.56271134644535,9.398979176695184]},{"id":92,"image_id":92,"category_id":1,"iscrowd":0,"area":0,"bbox":[986.1124836444704,778.2574371815663,278.7677296046009,16.66392709895782]},{"id":93,"image_id":93,"category_id":1,"iscrowd":0,"area":0,"bbox":[894.559956210118,838.3751197511234,129.36788355211644,26.26560059997521]},{"id":94,"image_id":94,"category_id":1,"iscrowd":0,"area":0,"bbox":[423.6159282935096,728.8033530908183,232.293141695855,8.85488468980401]},{"id":95,"image_id":95,"category_id":1,"iscrowd":0,"area":0,"bbox":[956.8042810660112,861.9964100270927,242.93016009500317,9.750637159776442]},{"id":96,"image_id":96,"category_id":1,"iscrowd":0,"area":0,"bbox":[798.5612162350192,827.5392587621527,254.1494446035847,9.689793639570382]},{"id":97,"image_id":97,"category_id":1,"iscrowd":0,"area":0,"bbox":[1089.955772100517,850.9026861676748,157.23435678259125,18.079919578359977]},{"id":98,"image_id":98,"category_id":1,"iscrowd":0,"area":0,"bbox":[245.34405926088675,746.3518687575203,163.50052351233205,11.521848972345566]},{"id":99,"image_id":99,"category_id":1,"iscrowd":0,"area":0,"bbox":[621.1311585036701,840.8351329367558,123.49539006185177,16.05993861790904]},{"id":100,"image_id":100,"category_id":1,"iscrowd":0,"area":0,"bbox":[1160.807663573951,685.9467429218,123.30505596274928,16.719329622067754]}],"categories":[{"supercategory":"N/A","id":1,"name":"strich"}]}
