{"version":1,"project":{"id":"01FCWY1S1VYHGD7J1SFJQK8W1X","createdAt":"2021-08-12T10:20:44.987362Z","updatedAt":"2021-08-12T10:24:00.261944Z","organizationId":"01FCWY0K01KJ7YK20DSC0NJMTJ","name":"welds","thumbnailUrl":"https://ingress.sixgill.com/hl/v1/organizations/01FCWY0K01KJ7YK20DSC0NJMTJ/projects/01FCWY1S1VYHGD7J1SFJQK8W1X/labels/01FCWY6FBNQ1ZMC2Z28SK3BWKS/image","instructions":"","schema":{"strich":{"children":{},"color":"#309c38","config":{"auto-label":{"modelId":"public:01ERDH3S3TZ34S863N47RWECA7","mapping":[]}},"type":"rectangle"}}},"datasources":[{"id":"01FCWY1S223NGXYGR6EBD3AYCB","createdAt":"2021-08-12T10:20:44.994345Z","updatedAt":"2021-08-12T10:20:44.990043Z","organizationId":"01FCWY0K01KJ7YK20DSC0NJMTJ","projectId":"01FCWY1S1VYHGD7J1SFJQK8W1X","name":"Upload","type":"upload","configuration":{"datasource":{"type":"upload","organizationId":"01FCWY0K01KJ7YK20DSC0NJMTJ","projectId":"01FCWY1S1VYHGD7J1SFJQK8W1X"},"filter":{"type":"any"},"sampler":{"fps":0,"type":"fps"}},"isSyncing":false,"lastSyncedAt":null,"labelCount":100}],"labels":[{"id":"01FCWY62Q6KCF0XXQFMD8E3JH1","createdAt":"2021-08-12T10:23:05.961008Z","updatedAt":"2021-08-12T13:31:44.178489Z","organizationId":"01FCWY0K01KJ7YK20DSC0NJMTJ","projectId":"01FCWY1S1VYHGD7J1SFJQK8W1X","datasourceId":"01FCWY1S223NGXYGR6EBD3AYCB","labelerUserID":{"String":"","Valid":false},"dataId":"89.jpg","index":89,"assignTo":"","status":"approved","labelingDuration":7381,"annotations":{"strich":[{"children":{},"data":{"min":[0.3020915848875572,0.7010836062943387],"max":[0.4358472697264556,0.7113287815737692]},"type":"rectangle"}]},"metadata":{"image":{"source":"","width":1478,"height":936,"contentType":"image/jpeg"}},"path":"img/01FCWY62Q6KCF0XXQFMD8E3JH1.jpeg"},{"id":"01FCWY6469N2PTZ4S0MQ5J2JRD","createdAt":"2021-08-12T10:23:07.468623Z","updatedAt":"2021-08-12T13:31:44.225206Z","organizationId":"01FCWY0K01KJ7YK20DSC0NJMTJ","projectId":"01FCWY1S1VYHGD7J1SFJQK8W1X","datasourceId":"01FCWY1S223NGXYGR6EBD3AYCB","labelerUserID":{"String":"","Valid":false},"dataId":"9.jpg","index":90,"assignTo":"","status":"approved","labelingDuration":6913,"annotations":{"strich":[{"children":{},"data":{"min":[0.448984353409701,0.46043877178416404],"max":[0.5271501957700251,0.47661527312571605]},"type":"rectangle"}]},"metadata":{"image":{"source":"","width":2048,"height":1536,"contentType":"image/jpeg"}},"path":"img/01FCWY6469N2PTZ4S0MQ5J2JRD.jpeg"},{"id":"01FCWY389S5K9BSHJC986BT2XG","createdAt":"2021-08-12T10:21:33.371708Z","updatedAt":"2021-08-12T13:31:21.395865Z","organizationId":"01FCWY0K01KJ7YK20DSC0NJMTJ","projectId":"01FCWY1S1VYHGD7J1SFJQK8W1X","datasourceId":"01FCWY1S223NGXYGR6EBD3AYCB","labelerUserID":{"String":"","Valid":false},"dataId":"13.jpg","index":6,"assignTo":"","status":"approved","labelingDuration":10270,"annotations":{"strich":[{"children":{},"data":{"min":[0.0920095285793956,0.5877969845633627],"max":[0.16967044192911057,0.5914219485553331]},"type":"rectangle"}]},"metadata":{"image":{"source":"","width":2048,"height":1536,"contentType":"image/jpeg"}},"path":"img/01FCWY389S5K9BSHJC986BT2XG.jpeg"},{"id":"01FCWY38ZJEYZ8NE1AF92W061T","createdAt":"2021-08-12T10:21:34.068735Z","updatedAt":"2021-08-12T13:31:21.431087Z","organizationId":"01FCWY0K01KJ7YK20DSC0NJMTJ","projectId":"01FCWY1S1VYHGD7J1SFJQK8W1X","datasourceId":"01FCWY1S223NGXYGR6EBD3AYCB","labelerUserID":{"String":"","Valid":false},"dataId":"14.jpg","index":7,"assignTo":"","status":"approved","labelingDuration":9269,"annotations":{"strich":[{"children":{},"data":{"min":[0.7725189836676177,0.9058550013003502],"max":[0.9441398509511273,0.9366046927712626]},"type":"rectangle"}]},"metadata":{"image":{"source":"","width":1478,"height":936,"contentType":"image/jpeg"}},"path":"img/01FCWY38ZJEYZ8NE1AF92W061T.jpeg"},{"id":"01FCWY3BYJS3KEXBY728RK0BME","createdAt":"2021-08-12T10:21:37.108656Z","updatedAt":"2021-08-12T13:31:21.437077Z","organizationId":"01FCWY0K01KJ7YK20DSC0NJMTJ","projectId":"01FCWY1S1VYHGD7J1SFJQK8W1X","datasourceId":"01FCWY1S223NGXYGR6EBD3AYCB","labelerUserID":{"String":"","Valid":false},"dataId":"16.jpg","index":9,"assignTo":"","status":"approved","labelingDuration":9531,"annotations":{"strich":[{"children":{},"data":{"min":[0.12267239799880943,0.453593985705599],"max":[0.20543767628961368,0.46237212128189636]},"type":"rectangle"}]},"metadata":{"image":{"source":"","width":2048,"height":1536,"contentType":"image/jpeg"}},"path":"img/01FCWY3BYJS3KEXBY728RK0BME.jpeg"},{"id":"01FCWY3GZRNTZZS6K7Q2EDYT58","createdAt":"2021-08-12T10:21:42.266233Z","updatedAt":"2021-08-12T13:31:21.571053Z","organizationId":"01FCWY0K01KJ7YK20DSC0NJMTJ","projectId":"01FCWY1S1VYHGD7J1SFJQK8W1X","datasourceId":"01FCWY1S223NGXYGR6EBD3AYCB","labelerUserID":{"String":"","Valid":false},"dataId":"2.jpg","index":13,"assignTo":"","status":"approved","labelingDuration":6813,"annotations":{"strich":[{"children":{},"data":{"min":[0.2816685682769587,0.9098999254691419],"max":[0.4745586260200782,0.929637388548253]},"type":"rectangle"}]},"metadata":{"image":{"source":"","width":1478,"height":936,"contentType":"image/jpeg"}},"path":"img/01FCWY3GZRNTZZS6K7Q2EDYT58.jpeg"},{"id":"01FCWY3YHXN3GYT9YY9Q6HVCMH","createdAt":"2021-08-12T10:21:56.159654Z","updatedAt":"2021-08-12T13:31:25.262199Z","organizationId":"01FCWY0K01KJ7YK20DSC0NJMTJ","projectId":"01FCWY1S1VYHGD7J1SFJQK8W1X","datasourceId":"01FCWY1S223NGXYGR6EBD3AYCB","labelerUserID":{"String":"","Valid":false},"dataId":"32.jpg","index":27,"assignTo":"","status":"approved","labelingDuration":6092,"annotations":{"strich":[{"children":{},"data":{"min":[0.6883590028625153,0.7997208068452692],"max":[0.8461183198984747,0.80914542281779]},"type":"rectangle"}]},"metadata":{"image":{"source":"","width":1466,"height":936,"contentType":"image/jpeg"}},"path":"img/01FCWY3YHXN3GYT9YY9Q6HVCMH.jpeg"},{"id":"01FCWY34WBM1DG743E4Q2EH71H","createdAt":"2021-08-12T10:21:29.869462Z","updatedAt":"2021-08-12T13:31:21.418347Z","organizationId":"01FCWY0K01KJ7YK20DSC0NJMTJ","projectId":"01FCWY1S1VYHGD7J1SFJQK8W1X","datasourceId":"01FCWY1S223NGXYGR6EBD3AYCB","labelerUserID":{"String":"","Valid":false},"dataId":"1.jpg","index":2,"assignTo":"","status":"approved","labelingDuration":14021,"annotations":{"strich":[{"children":{},"data":{"min":[0.18005733720375394,0.42153485128500584],"max":[0.28053305865404143,0.43704341912790734]},"type":"rectangle"}]},"metadata":{"image":{"source":"","width":2048,"height":1536,"contentType":"image/jpeg"}},"path":"img/01FCWY34WBM1DG743E4Q2EH71H.jpeg"},{"id":"01FCWY3G93G16Z4NG56VRCQTTH","createdAt":"2021-08-12T10:21:41.541474Z","updatedAt":"2021-08-12T13:31:21.599971Z","organizationId":"01FCWY0K01KJ7YK20DSC0NJMTJ","projectId":"01FCWY1S1VYHGD7J1SFJQK8W1X","datasourceId":"01FCWY1S223NGXYGR6EBD3AYCB","labelerUserID":{"String":"","Valid":false},"dataId":"19.jpg","index":12,"assignTo":"","status":"approved","labelingDuration":7814,"annotations":{"strich":[{"children":{},"data":{"min":[0.5359888820407188,0.4271994334144505],"max":[0.6500371305065324,0.43763042720053424]},"type":"rectangle"}]},"metadata":{"image":{"source":"","width":2048,"height":1536,"contentType":"image/jpeg"}},"path":"img/01FCWY3G93G16Z4NG56VRCQTTH.jpeg"},{"id":"01FCWY5BYPBWW192SMJE4AHZ4S","createdAt":"2021-08-12T10:22:42.648924Z","updatedAt":"2021-08-12T13:31:31.319733Z","organizationId":"01FCWY0K01KJ7YK20DSC0NJMTJ","projectId":"01FCWY1S1VYHGD7J1SFJQK8W1X","datasourceId":"01FCWY1S223NGXYGR6EBD3AYCB","labelerUserID":{"String":"","Valid":false},"dataId":"70.jpg","index":69,"assignTo":"","status":"approved","labelingDuration":1268984,"annotations":{"strich":[{"children":{},"data":{"min":[0.30440455004576955,0.8311293415498904],"max":[0.44798536823934504,0.8580872238275967]},"type":"rectangle"}]},"metadata":{"image":{"source":"","width":1478,"height":936,"contentType":"image/jpeg"}},"path":"img/01FCWY5BYPBWW192SMJE4AHZ4S.jpeg"},{"id":"01FCWY3TF3CP4DP7Z9JX5GB9ZZ","createdAt":"2021-08-12T10:21:51.973474Z","updatedAt":"2021-08-12T13:31:21.657823Z","organizationId":"01FCWY0K01KJ7YK20DSC0NJMTJ","projectId":"01FCWY1S1VYHGD7J1SFJQK8W1X","datasourceId":"01FCWY1S223NGXYGR6EBD3AYCB","labelerUserID":{"String":"","Valid":false},"dataId":"29.jpg","index":23,"assignTo":"","status":"approved","labelingDuration":7129,"annotations":{"strich":[{"children":{},"data":{"min":[0.5167569462857272,0.8992527970952446],"max":[0.5979745103570594,0.9204869252131564]},"type":"rectangle"}]},"metadata":{"image":{"source":"","width":1478,"height":936,"contentType":"image/jpeg"}},"path":"img/01FCWY3TF3CP4DP7Z9JX5GB9ZZ.jpeg"},{"id":"01FCWY3D1M6T02R389DXED0QMQ","createdAt":"2021-08-12T10:21:38.230284Z","updatedAt":"2021-08-12T13:31:21.441831Z","organizationId":"01FCWY0K01KJ7YK20DSC0NJMTJ","projectId":"01FCWY1S1VYHGD7J1SFJQK8W1X","datasourceId":"01FCWY1S223NGXYGR6EBD3AYCB","labelerUserID":{"String":"","Valid":false},"dataId":"17.jpg","index":10,"assignTo":"","status":"approved","labelingDuration":10356,"annotations":{"strich":[{"children":{},"data":{"min":[0.5325271300445803,0.5177768730004179],"max":[0.6350368333153401,0.532303207763424]},"type":"rectangle"}]},"metadata":{"image":{"source":"","width":2048,"height":1536,"contentType":"image/jpeg"}},"path":"img/01FCWY3D1M6T02R389DXED0QMQ.jpeg"},{"id":"01FCWY6FBNQ1ZMC2Z28SK3BWKS","createdAt":"2021-08-12T10:23:18.904374Z","updatedAt":"2021-08-12T13:31:44.186381Z","organizationId":"01FCWY0K01KJ7YK20DSC0NJMTJ","projectId":"01FCWY1S1VYHGD7J1SFJQK8W1X","datasourceId":"01FCWY1S223NGXYGR6EBD3AYCB","labelerUserID":{"String":"","Valid":false},"dataId":"99.jpg","index":100,"assignTo":"","status":"approved","labelingDuration":7158,"annotations":{"strich":[{"children":{},"data":{"min":[0.46731688842280905,0.5563368477784457],"max":[0.5476279063268847,0.5747594468675526]},"type":"rectangle"}]},"metadata":{"image":{"source":"","width":2048,"height":1536,"contentType":"image/jpeg"}},"path":"img/01FCWY6FBNQ1ZMC2Z28SK3BWKS.jpeg"},{"id":"01FCWY36Y7KYDRN45FVQS1J1W4","createdAt":"2021-08-12T10:21:31.977493Z","updatedAt":"2021-08-12T13:31:21.410201Z","organizationId":"01FCWY0K01KJ7YK20DSC0NJMTJ","projectId":"01FCWY1S1VYHGD7J1SFJQK8W1X","datasourceId":"01FCWY1S223NGXYGR6EBD3AYCB","labelerUserID":{"String":"","Valid":false},"dataId":"12.jpg","index":5,"assignTo":"","status":"approved","labelingDuration":9491,"annotations":{"strich":[{"children":{},"data":{"min":[0.23074328931832588,0.8732775444900186],"max":[0.3079225233965397,0.8809379839750221]},"type":"rectangle"}]},"metadata":{"image":{"source":"","width":1478,"height":936,"contentType":"image/jpeg"}},"path":"img/01FCWY36Y7KYDRN45FVQS1J1W4.jpeg"},{"id":"01FCWY40HZ5D9QHHERYWH6WPRM","createdAt":"2021-08-12T10:21:58.210201Z","updatedAt":"2021-08-12T13:31:25.290617Z","organizationId":"01FCWY0K01KJ7YK20DSC0NJMTJ","projectId":"01FCWY1S1VYHGD7J1SFJQK8W1X","datasourceId":"01FCWY1S223NGXYGR6EBD3AYCB","labelerUserID":{"String":"","Valid":false},"dataId":"35.jpg","index":30,"assignTo":"","status":"approved","labelingDuration":8297,"annotations":{"strich":[{"children":{},"data":{"min":[0.16492060739888326,0.9205531075827597],"max":[0.29790533593155977,0.9271462266629599]},"type":"rectangle"}]},"metadata":{"image":{"source":"","width":1478,"height":936,"contentType":"image/jpeg"}},"path":"img/01FCWY40HZ5D9QHHERYWH6WPRM.jpeg"},{"id":"01FCWY3XQYMGTY13MV5GECDJPW","createdAt":"2021-08-12T10:21:55.328412Z","updatedAt":"2021-08-12T13:31:25.329166Z","organizationId":"01FCWY0K01KJ7YK20DSC0NJMTJ","projectId":"01FCWY1S1VYHGD7J1SFJQK8W1X","datasourceId":"01FCWY1S223NGXYGR6EBD3AYCB","labelerUserID":{"String":"","Valid":false},"dataId":"31.jpg","index":26,"assignTo":"","status":"approved","labelingDuration":9852,"annotations":{"strich":[{"children":{},"data":{"min":[0.5393167340067255,0.41797858138276583],"max":[0.6323832406204336,0.4300913588162203]},"type":"rectangle"}]},"metadata":{"image":{"source":"","width":2048,"height":1536,"contentType":"image/jpeg"}},"path":"img/01FCWY3XQYMGTY13MV5GECDJPW.jpeg"},{"id":"01FCWY3J9FH7KS1PE03K0M6D4E","createdAt":"2021-08-12T10:21:43.601831Z","updatedAt":"2021-08-12T13:31:21.572411Z","organizationId":"01FCWY0K01KJ7YK20DSC0NJMTJ","projectId":"01FCWY1S1VYHGD7J1SFJQK8W1X","datasourceId":"01FCWY1S223NGXYGR6EBD3AYCB","labelerUserID":{"String":"","Valid":false},"dataId":"21.jpg","index":15,"assignTo":"","status":"approved","labelingDuration":7851,"annotations":{"strich":[{"children":{},"data":{"min":[0.12608211732465574,0.9156345205312695],"max":[0.23174396465514804,0.9188625036719482]},"type":"rectangle"}]},"metadata":{"image":{"source":"","width":1478,"height":936,"contentType":"image/jpeg"}},"path":"img/01FCWY3J9FH7KS1PE03K0M6D4E.jpeg"},{"id":"01FCWY486P5QNVT16QC5WECV99","createdAt":"2021-08-12T10:22:06.040358Z","updatedAt":"2021-08-12T13:31:25.420418Z","organizationId":"01FCWY0K01KJ7YK20DSC0NJMTJ","projectId":"01FCWY1S1VYHGD7J1SFJQK8W1X","datasourceId":"01FCWY1S223NGXYGR6EBD3AYCB","labelerUserID":{"String":"","Valid":false},"dataId":"42.jpg","index":38,"assignTo":"","status":"approved","labelingDuration":7132,"annotations":{"strich":[{"children":{},"data":{"min":[0.16281558887572545,0.6875830605113538],"max":[0.2956825453341795,0.7183935664177362]},"type":"rectangle"}]},"metadata":{"image":{"source":"","width":1478,"height":936,"contentType":"image/jpeg"}},"path":"img/01FCWY486P5QNVT16QC5WECV99.jpeg"},{"id":"01FCWY3P582CXWZSW99AVW6YKY","createdAt":"2021-08-12T10:21:47.562369Z","updatedAt":"2021-08-12T13:31:21.578663Z","organizationId":"01FCWY0K01KJ7YK20DSC0NJMTJ","projectId":"01FCWY1S1VYHGD7J1SFJQK8W1X","datasourceId":"01FCWY1S223NGXYGR6EBD3AYCB","labelerUserID":{"String":"","Valid":false},"dataId":"25.jpg","index":19,"assignTo":"","status":"approved","labelingDuration":6506,"annotations":{"strich":[{"children":{},"data":{"min":[0.10903296387048571,0.7122094931234477],"max":[0.24494240462260813,0.7411931248488924]},"type":"rectangle"}]},"metadata":{"image":{"source":"","width":1478,"height":936,"contentType":"image/jpeg"}},"path":"img/01FCWY3P582CXWZSW99AVW6YKY.jpeg"},{"id":"01FCWY4MTRVVRPWY7NQDA4CR7X","createdAt":"2021-08-12T10:22:18.971048Z","updatedAt":"2021-08-12T13:31:25.444138Z","organizationId":"01FCWY0K01KJ7YK20DSC0NJMTJ","projectId":"01FCWY1S1VYHGD7J1SFJQK8W1X","datasourceId":"01FCWY1S223NGXYGR6EBD3AYCB","labelerUserID":{"String":"","Valid":false},"dataId":"51.jpg","index":48,"assignTo":"","status":"approved","labelingDuration":9383,"annotations":{"strich":[{"children":{},"data":{"min":[0.48765743335959544,0.46366359011658914],"max":[0.5995687922080538,0.47038922034787317]},"type":"rectangle"}]},"metadata":{"image":{"source":"","width":2048,"height":1536,"contentType":"image/jpeg"}},"path":"img/01FCWY4MTRVVRPWY7NQDA4CR7X.jpeg"},{"id":"01FCWY3PXS1TKCH3SC1ZCMDB0E","createdAt":"2021-08-12T10:21:48.347186Z","updatedAt":"2021-08-12T13:31:21.638616Z","organizationId":"01FCWY0K01KJ7YK20DSC0NJMTJ","projectId":"01FCWY1S1VYHGD7J1SFJQK8W1X","datasourceId":"01FCWY1S223NGXYGR6EBD3AYCB","labelerUserID":{"String":"","Valid":false},"dataId":"26.jpg","index":20,"assignTo":"","status":"approved","labelingDuration":7193,"annotations":{"strich":[{"children":{},"data":{"min":[0.6060509384846046,0.8042240208846039],"max":[0.7766580955956996,0.8321929575001653]},"type":"rectangle"}]},"metadata":{"image":{"source":"","width":1478,"height":936,"contentType":"image/jpeg"}},"path":"img/01FCWY3PXS1TKCH3SC1ZCMDB0E.jpeg"},{"id":"01FCWY42V8PKPTB44FW3V06JQQ","createdAt":"2021-08-12T10:22:00.554542Z","updatedAt":"2021-08-12T13:31:25.327169Z","organizationId":"01FCWY0K01KJ7YK20DSC0NJMTJ","projectId":"01FCWY1S1VYHGD7J1SFJQK8W1X","datasourceId":"01FCWY1S223NGXYGR6EBD3AYCB","labelerUserID":{"String":"","Valid":false},"dataId":"38.jpg","index":33,"assignTo":"","status":"approved","labelingDuration":7462,"annotations":{"strich":[{"children":{},"data":{"min":[0.19845368710646227,0.8116831389383713],"max":[0.28133700257866007,0.8295591193818851]},"type":"rectangle"}]},"metadata":{"image":{"source":"","width":1478,"height":936,"contentType":"image/jpeg"}},"path":"img/01FCWY42V8PKPTB44FW3V06JQQ.jpeg"},{"id":"01FCWY4T759VW4NR34SVV01QV2","createdAt":"2021-08-12T10:22:24.487597Z","updatedAt":"2021-08-12T13:31:31.116804Z","organizationId":"01FCWY0K01KJ7YK20DSC0NJMTJ","projectId":"01FCWY1S1VYHGD7J1SFJQK8W1X","datasourceId":"01FCWY1S223NGXYGR6EBD3AYCB","labelerUserID":{"String":"","Valid":false},"dataId":"55.jpg","index":52,"assignTo":"","status":"approved","labelingDuration":7399,"annotations":{"strich":[{"children":{},"data":{"min":[0.40862751977286393,0.4596850374807981],"max":[0.4713244666101415,0.46342978265860646]},"type":"rectangle"}]},"metadata":{"image":{"source":"","width":2048,"height":1536,"contentType":"image/jpeg"}},"path":"img/01FCWY4T759VW4NR34SVV01QV2.jpeg"},{"id":"01FCWY3HN9115HR1ZSD25VZRW3","createdAt":"2021-08-12T10:21:42.957117Z","updatedAt":"2021-08-12T13:31:21.686845Z","organizationId":"01FCWY0K01KJ7YK20DSC0NJMTJ","projectId":"01FCWY1S1VYHGD7J1SFJQK8W1X","datasourceId":"01FCWY1S223NGXYGR6EBD3AYCB","labelerUserID":{"String":"","Valid":false},"dataId":"20.jpg","index":14,"assignTo":"","status":"approved","labelingDuration":6618,"annotations":{"strich":[{"children":{},"data":{"min":[0.5941881596143275,0.7601443040489683],"max":[0.6675835506166229,0.7799251917042187]},"type":"rectangle"}]},"metadata":{"image":{"source":"","width":1478,"height":936,"contentType":"image/jpeg"}},"path":"img/01FCWY3HN9115HR1ZSD25VZRW3.jpeg"},{"id":"01FCWY442TF20RN86924VCHWMP","createdAt":"2021-08-12T10:22:01.82126Z","updatedAt":"2021-08-12T13:31:25.270003Z","organizationId":"01FCWY0K01KJ7YK20DSC0NJMTJ","projectId":"01FCWY1S1VYHGD7J1SFJQK8W1X","datasourceId":"01FCWY1S223NGXYGR6EBD3AYCB","labelerUserID":{"String":"","Valid":false},"dataId":"39.jpg","index":34,"assignTo":"","status":"approved","labelingDuration":8525,"annotations":{"strich":[{"children":{},"data":{"min":[0.5130504082060396,0.5487545738136902],"max":[0.5639608593196749,0.55263346532711]},"type":"rectangle"}]},"metadata":{"image":{"source":"","width":2048,"height":1536,"contentType":"image/jpeg"}},"path":"img/01FCWY442TF20RN86924VCHWMP.jpeg"},{"id":"01FCWY68VR8EPBV6VG0JGHKJFQ","createdAt":"2021-08-12T10:23:12.250203Z","updatedAt":"2021-08-12T13:31:44.202746Z","organizationId":"01FCWY0K01KJ7YK20DSC0NJMTJ","projectId":"01FCWY1S1VYHGD7J1SFJQK8W1X","datasourceId":"01FCWY1S223NGXYGR6EBD3AYCB","labelerUserID":{"String":"","Valid":false},"dataId":"94.jpg","index":95,"assignTo":"","status":"approved","labelingDuration":6909,"annotations":{"strich":[{"children":{},"data":{"min":[0.335394528095535,0.42733282566105807],"max":[0.3948252903231893,0.44058212742242153]},"type":"rectangle"}]},"metadata":{"image":{"source":"","width":2048,"height":1536,"contentType":"image/jpeg"}},"path":"img/01FCWY68VR8EPBV6VG0JGHKJFQ.jpeg"},{"id":"01FCWY3Z7MRWB58REE4BMK5J30","createdAt":"2021-08-12T10:21:56.854996Z","updatedAt":"2021-08-12T13:31:25.230535Z","organizationId":"01FCWY0K01KJ7YK20DSC0NJMTJ","projectId":"01FCWY1S1VYHGD7J1SFJQK8W1X","datasourceId":"01FCWY1S223NGXYGR6EBD3AYCB","labelerUserID":{"String":"","Valid":false},"dataId":"33.jpg","index":28,"assignTo":"","status":"approved","labelingDuration":7498,"annotations":{"strich":[{"children":{},"data":{"min":[0.7013887731297017,0.9328166111635613],"max":[0.8880039562668787,0.9643401479135374]},"type":"rectangle"}]},"metadata":{"image":{"source":"","width":1478,"height":936,"contentType":"image/jpeg"}},"path":"img/01FCWY3Z7MRWB58REE4BMK5J30.jpeg"},{"id":"01FCWY41BN2PVWRFWRVXP9D5B5","createdAt":"2021-08-12T10:21:59.031757Z","updatedAt":"2021-08-12T13:31:25.269649Z","organizationId":"01FCWY0K01KJ7YK20DSC0NJMTJ","projectId":"01FCWY1S1VYHGD7J1SFJQK8W1X","datasourceId":"01FCWY1S223NGXYGR6EBD3AYCB","labelerUserID":{"String":"","Valid":false},"dataId":"36.jpg","index":31,"assignTo":"","status":"approved","labelingDuration":7572,"annotations":{"strich":[{"children":{},"data":{"min":[0.16249625984676902,0.8752237742219051],"max":[0.28016893927584907,0.8892700529200701]},"type":"rectangle"}]},"metadata":{"image":{"source":"","width":1478,"height":936,"contentType":"image/jpeg"}},"path":"img/01FCWY41BN2PVWRFWRVXP9D5B5.jpeg"},{"id":"01FCWY3ZT04XKM4K0M2ZTBMYAF","createdAt":"2021-08-12T10:21:57.443102Z","updatedAt":"2021-08-12T13:31:25.256002Z","organizationId":"01FCWY0K01KJ7YK20DSC0NJMTJ","projectId":"01FCWY1S1VYHGD7J1SFJQK8W1X","datasourceId":"01FCWY1S223NGXYGR6EBD3AYCB","labelerUserID":{"String":"","Valid":false},"dataId":"34.jpg","index":29,"assignTo":"","status":"approved","labelingDuration":7420,"annotations":{"strich":[{"children":{},"data":{"min":[0.6072362761844492,0.760546907417045],"max":[0.7313193302069271,0.7667728655913575]},"type":"rectangle"}]},"metadata":{"image":{"source":"","width":1478,"height":936,"contentType":"image/jpeg"}},"path":"img/01FCWY3ZT04XKM4K0M2ZTBMYAF.jpeg"},{"id":"01FCWY47HHYGFYEKXM924YT875","createdAt":"2021-08-12T10:22:05.364045Z","updatedAt":"2021-08-12T13:31:25.40712Z","organizationId":"01FCWY0K01KJ7YK20DSC0NJMTJ","projectId":"01FCWY1S1VYHGD7J1SFJQK8W1X","datasourceId":"01FCWY1S223NGXYGR6EBD3AYCB","labelerUserID":{"String":"","Valid":false},"dataId":"41.jpg","index":37,"assignTo":"","status":"approved","labelingDuration":7257,"annotations":{"strich":[{"children":{},"data":{"min":[0.5696135058452296,0.869874558035169],"max":[0.741871146908079,0.894117438717072]},"type":"rectangle"}]},"metadata":{"image":{"source":"","width":1478,"height":936,"contentType":"image/jpeg"}},"path":"img/01FCWY47HHYGFYEKXM924YT875.jpeg"},{"id":"01FCWY6CSXAVSTVR6QV3998WN8","createdAt":"2021-08-12T10:23:16.287811Z","updatedAt":"2021-08-12T13:31:44.19796Z","organizationId":"01FCWY0K01KJ7YK20DSC0NJMTJ","projectId":"01FCWY1S1VYHGD7J1SFJQK8W1X","datasourceId":"01FCWY1S223NGXYGR6EBD3AYCB","labelerUserID":{"String":"","Valid":false},"dataId":"97.jpg","index":98,"assignTo":"","status":"approved","labelingDuration":6851,"annotations":{"strich":[{"children":{},"data":{"min":[0.18645749762045805,0.4527325715282071],"max":[0.32552260468294725,0.46587023059583893]},"type":"rectangle"}]},"metadata":{"image":{"source":"","width":2048,"height":1536,"contentType":"image/jpeg"}},"path":"img/01FCWY6CSXAVSTVR6QV3998WN8.jpeg"},{"id":"01FCWY4RBF2K6JF4FBNX22N1EG","createdAt":"2021-08-12T10:22:22.577839Z","updatedAt":"2021-08-12T13:31:25.436496Z","organizationId":"01FCWY0K01KJ7YK20DSC0NJMTJ","projectId":"01FCWY1S1VYHGD7J1SFJQK8W1X","datasourceId":"01FCWY1S223NGXYGR6EBD3AYCB","labelerUserID":{"String":"","Valid":false},"dataId":"53.jpg","index":50,"assignTo":"","status":"approved","labelingDuration":6952,"annotations":{"strich":[{"children":{},"data":{"min":[0.506537429691643,0.4549837650878486],"max":[0.5629702761082938,0.45845191596983387]},"type":"rectangle"}]},"metadata":{"image":{"source":"","width":2048,"height":1536,"contentType":"image/jpeg"}},"path":"img/01FCWY4RBF2K6JF4FBNX22N1EG.jpeg"},{"id":"01FCWY4DERNM7D4E413VD97GP0","createdAt":"2021-08-12T10:22:11.418987Z","updatedAt":"2021-08-12T13:31:25.460865Z","organizationId":"01FCWY0K01KJ7YK20DSC0NJMTJ","projectId":"01FCWY1S1VYHGD7J1SFJQK8W1X","datasourceId":"01FCWY1S223NGXYGR6EBD3AYCB","labelerUserID":{"String":"","Valid":false},"dataId":"46.jpg","index":42,"assignTo":"","status":"approved","labelingDuration":7377,"annotations":{"strich":[{"children":{},"data":{"min":[0.33663514170416076,0.8387869077602952],"max":[0.4971699363115912,0.8488710330203747]},"type":"rectangle"}]},"metadata":{"image":{"source":"","width":1478,"height":936,"contentType":"image/jpeg"}},"path":"img/01FCWY4DERNM7D4E413VD97GP0.jpeg"},{"id":"01FCWY5MRN6SJ68NDF35PXB1AJ","createdAt":"2021-08-12T10:22:51.671731Z","updatedAt":"2021-08-12T13:31:31.25484Z","organizationId":"01FCWY0K01KJ7YK20DSC0NJMTJ","projectId":"01FCWY1S1VYHGD7J1SFJQK8W1X","datasourceId":"01FCWY1S223NGXYGR6EBD3AYCB","labelerUserID":{"String":"","Valid":false},"dataId":"76.jpg","index":75,"assignTo":"","status":"approved","labelingDuration":7171,"annotations":{"strich":[{"children":{},"data":{"min":[0.3738458362528819,0.970030811243494],"max":[0.47363558581733545,0.9739471237334295]},"type":"rectangle"}]},"metadata":{"image":{"source":"","width":1478,"height":936,"contentType":"image/jpeg"}},"path":"img/01FCWY5MRN6SJ68NDF35PXB1AJ.jpeg"},{"id":"01FCWY5T97RVF56KKDTEHYCCBQ","createdAt":"2021-08-12T10:22:57.321379Z","updatedAt":"2021-08-12T13:31:43.714135Z","organizationId":"01FCWY0K01KJ7YK20DSC0NJMTJ","projectId":"01FCWY1S1VYHGD7J1SFJQK8W1X","datasourceId":"01FCWY1S223NGXYGR6EBD3AYCB","labelerUserID":{"String":"","Valid":false},"dataId":"80.jpg","index":80,"assignTo":"","status":"approved","labelingDuration":8022,"annotations":{"strich":[{"children":{},"data":{"min":[0.5912298420390176,0.7772030484612699],"max":[0.7318708264745658,0.7863458059567409]},"type":"rectangle"}]},"metadata":{"image":{"source":"","width":1478,"height":936,"contentType":"image/jpeg"}},"path":"img/01FCWY5T97RVF56KKDTEHYCCBQ.jpeg"},{"id":"01FCWY5A9EBSAJKCE9ASDHJS07","createdAt":"2021-08-12T10:22:40.944636Z","updatedAt":"2021-08-12T13:31:31.297555Z","organizationId":"01FCWY0K01KJ7YK20DSC0NJMTJ","projectId":"01FCWY1S1VYHGD7J1SFJQK8W1X","datasourceId":"01FCWY1S223NGXYGR6EBD3AYCB","labelerUserID":{"String":"","Valid":false},"dataId":"69.jpg","index":67,"assignTo":"","status":"approved","labelingDuration":7779,"annotations":{"strich":[{"children":{},"data":{"min":[0.3146294984979936,0.5466396879029746],"max":[0.45327502172574297,0.5604231609724]},"type":"rectangle"}]},"metadata":{"image":{"source":"","width":2048,"height":1536,"contentType":"image/jpeg"}},"path":"img/01FCWY5A9EBSAJKCE9ASDHJS07.jpeg"},{"id":"01FCWY4V52EHEYNAYENYZ7AGBX","createdAt":"2021-08-12T10:22:25.444588Z","updatedAt":"2021-08-12T13:31:31.112657Z","organizationId":"01FCWY0K01KJ7YK20DSC0NJMTJ","projectId":"01FCWY1S1VYHGD7J1SFJQK8W1X","datasourceId":"01FCWY1S223NGXYGR6EBD3AYCB","labelerUserID":{"String":"","Valid":false},"dataId":"56.jpg","index":53,"assignTo":"","status":"approved","labelingDuration":8029,"annotations":{"strich":[{"children":{},"data":{"min":[0.18941491528105928,0.8373751048265491],"max":[0.3471670866339874,0.8532413542998213]},"type":"rectangle"}]},"metadata":{"image":{"source":"","width":1478,"height":936,"contentType":"image/jpeg"}},"path":"img/01FCWY4V52EHEYNAYENYZ7AGBX.jpeg"},{"id":"01FCWY5KTH3MJBDNDKKGA7XGCE","createdAt":"2021-08-12T10:22:50.708281Z","updatedAt":"2021-08-12T13:31:31.265348Z","organizationId":"01FCWY0K01KJ7YK20DSC0NJMTJ","projectId":"01FCWY1S1VYHGD7J1SFJQK8W1X","datasourceId":"01FCWY1S223NGXYGR6EBD3AYCB","labelerUserID":{"String":"","Valid":false},"dataId":"75.jpg","index":74,"assignTo":"","status":"approved","labelingDuration":6342,"annotations":{"strich":[{"children":{},"data":{"min":[0.5502231408816216,0.47203025490648315],"max":[0.6102786283093783,0.4837344734901458]},"type":"rectangle"}]},"metadata":{"image":{"source":"","width":2048,"height":1536,"contentType":"image/jpeg"}},"path":"img/01FCWY5KTH3MJBDNDKKGA7XGCE.jpeg"},{"id":"01FCWY5EJH6NNRNHKJ9NVX83JS","createdAt":"2021-08-12T10:22:45.331761Z","updatedAt":"2021-08-12T13:31:31.242766Z","organizationId":"01FCWY0K01KJ7YK20DSC0NJMTJ","projectId":"01FCWY1S1VYHGD7J1SFJQK8W1X","datasourceId":"01FCWY1S223NGXYGR6EBD3AYCB","labelerUserID":{"String":"","Valid":false},"dataId":"72.jpg","index":71,"assignTo":"","status":"approved","labelingDuration":6936,"annotations":{"strich":[{"children":{},"data":{"min":[0.5709961177947093,0.4640970354096547],"max":[0.6761852521483952,0.47338955267151084]},"type":"rectangle"}]},"metadata":{"image":{"source":"","width":2048,"height":1536,"contentType":"image/jpeg"}},"path":"img/01FCWY5EJH6NNRNHKJ9NVX83JS.jpeg"},{"id":"01FCWY5B9B2RMT6JBTDN94PXDR","createdAt":"2021-08-12T10:22:41.96547Z","updatedAt":"2021-08-12T13:31:31.266976Z","organizationId":"01FCWY0K01KJ7YK20DSC0NJMTJ","projectId":"01FCWY1S1VYHGD7J1SFJQK8W1X","datasourceId":"01FCWY1S223NGXYGR6EBD3AYCB","labelerUserID":{"String":"","Valid":false},"dataId":"7.jpg","index":68,"assignTo":"","status":"approved","labelingDuration":8354,"annotations":{"strich":[{"children":{},"data":{"min":[0.754725786446535,0.89953234465683],"max":[0.9242692870447897,0.9114781679273004]},"type":"rectangle"}]},"metadata":{"image":{"source":"","width":1466,"height":936,"contentType":"image/jpeg"}},"path":"img/01FCWY5B9B2RMT6JBTDN94PXDR.jpeg"},{"id":"01FCWY65K0QXRAT163MGFE9T4W","createdAt":"2021-08-12T10:23:08.898689Z","updatedAt":"2021-08-12T13:31:44.208628Z","organizationId":"01FCWY0K01KJ7YK20DSC0NJMTJ","projectId":"01FCWY1S1VYHGD7J1SFJQK8W1X","datasourceId":"01FCWY1S223NGXYGR6EBD3AYCB","labelerUserID":{"String":"","Valid":false},"dataId":"91.jpg","index":92,"assignTo":"","status":"approved","labelingDuration":7550,"annotations":{"strich":[{"children":{},"data":{"min":[0.5388838576316111,0.7637748670812554],"max":[0.7134946630144894,0.7703736359173892]},"type":"rectangle"}]},"metadata":{"image":{"source":"","width":1466,"height":936,"contentType":"image/jpeg"}},"path":"img/01FCWY65K0QXRAT163MGFE9T4W.jpeg"},{"id":"01FCWY5GD4RW234BG6F887YE9B","createdAt":"2021-08-12T10:22:47.206646Z","updatedAt":"2021-08-12T13:31:31.243651Z","organizationId":"01FCWY0K01KJ7YK20DSC0NJMTJ","projectId":"01FCWY1S1VYHGD7J1SFJQK8W1X","datasourceId":"01FCWY1S223NGXYGR6EBD3AYCB","labelerUserID":{"String":"","Valid":false},"dataId":"73.jpg","index":72,"assignTo":"","status":"approved","labelingDuration":7731,"annotations":{"strich":[{"children":{},"data":{"min":[0.15512576452891141,0.4632977087354914],"max":[0.2565663792041056,0.4665545367798319]},"type":"rectangle"}]},"metadata":{"image":{"source":"","width":2048,"height":1536,"contentType":"image/jpeg"}},"path":"img/01FCWY5GD4RW234BG6F887YE9B.jpeg"},{"id":"01FCWY61W7TTMPG64NZ9CTXJK6","createdAt":"2021-08-12T10:23:05.097763Z","updatedAt":"2021-08-12T13:31:44.215547Z","organizationId":"01FCWY0K01KJ7YK20DSC0NJMTJ","projectId":"01FCWY1S1VYHGD7J1SFJQK8W1X","datasourceId":"01FCWY1S223NGXYGR6EBD3AYCB","labelerUserID":{"String":"","Valid":false},"dataId":"88.jpg","index":88,"assignTo":"","status":"approved","labelingDuration":8736,"annotations":{"strich":[{"children":{},"data":{"min":[0.07527603632697574,0.4610485187758684],"max":[0.21702039158828798,0.4711069417449251]},"type":"rectangle"}]},"metadata":{"image":{"source":"","width":2048,"height":1536,"contentType":"image/jpeg"}},"path":"img/01FCWY61W7TTMPG64NZ9CTXJK6.jpeg"},{"id":"01FCWY5WG3W7QEEPQ4DG8V3Q6Q","createdAt":"2021-08-12T10:22:59.589655Z","updatedAt":"2021-08-12T13:31:43.74662Z","organizationId":"01FCWY0K01KJ7YK20DSC0NJMTJ","projectId":"01FCWY1S1VYHGD7J1SFJQK8W1X","datasourceId":"01FCWY1S223NGXYGR6EBD3AYCB","labelerUserID":{"String":"","Valid":false},"dataId":"82.jpg","index":82,"assignTo":"","status":"approved","labelingDuration":7456,"annotations":{"strich":[{"children":{},"data":{"min":[0.4462627449428805,0.512602864832607],"max":[0.5261056098129315,0.5175789074024119]},"type":"rectangle"}]},"metadata":{"image":{"source":"","width":2048,"height":1536,"contentType":"image/jpeg"}},"path":"img/01FCWY5WG3W7QEEPQ4DG8V3Q6Q.jpeg"},{"id":"01FCWY67HBKTGBSZAHET16R0TK","createdAt":"2021-08-12T10:23:10.894072Z","updatedAt":"2021-08-12T13:31:44.197389Z","organizationId":"01FCWY0K01KJ7YK20DSC0NJMTJ","projectId":"01FCWY1S1VYHGD7J1SFJQK8W1X","datasourceId":"01FCWY1S223NGXYGR6EBD3AYCB","labelerUserID":{"String":"","Valid":false},"dataId":"93.jpg","index":94,"assignTo":"","status":"approved","labelingDuration":7164,"annotations":{"strich":[{"children":{},"data":{"min":[0.2328500354962707,0.43699358144156714],"max":[0.32970753340654246,0.4434831960419204]},"type":"rectangle"}]},"metadata":{"image":{"source":"","width":2048,"height":1536,"contentType":"image/jpeg"}},"path":"img/01FCWY67HBKTGBSZAHET16R0TK.jpeg"},{"id":"01FCWY69TZ5NRM25CEAD576Q0Q","createdAt":"2021-08-12T10:23:13.249408Z","updatedAt":"2021-08-12T13:31:44.197923Z","organizationId":"01FCWY0K01KJ7YK20DSC0NJMTJ","projectId":"01FCWY1S1VYHGD7J1SFJQK8W1X","datasourceId":"01FCWY1S223NGXYGR6EBD3AYCB","labelerUserID":{"String":"","Valid":false},"dataId":"95.jpg","index":96,"assignTo":"","status":"approved","labelingDuration":6127,"annotations":{"strich":[{"children":{},"data":{"min":[0.3782518303844648,0.8377453859932185],"max":[0.5403448548794447,0.8475175139995645]},"type":"rectangle"}]},"metadata":{"image":{"source":"","width":1478,"height":936,"contentType":"image/jpeg"}},"path":"img/01FCWY69TZ5NRM25CEAD576Q0Q.jpeg"},{"id":"01FCWY5TXMR1DGVNW2H633CKJG","createdAt":"2021-08-12T10:22:57.974786Z","updatedAt":"2021-08-12T13:31:43.731808Z","organizationId":"01FCWY0K01KJ7YK20DSC0NJMTJ","projectId":"01FCWY1S1VYHGD7J1SFJQK8W1X","datasourceId":"01FCWY1S223NGXYGR6EBD3AYCB","labelerUserID":{"String":"","Valid":false},"dataId":"81.jpg","index":81,"assignTo":"","status":"approved","labelingDuration":10375,"annotations":{"strich":[{"children":{},"data":{"min":[0.07090408711247828,0.7516554026914622],"max":[0.239629814757286,0.7655525422635161]},"type":"rectangle"}]},"metadata":{"image":{"source":"","width":1478,"height":936,"contentType":"image/jpeg"}},"path":"img/01FCWY5TXMR1DGVNW2H633CKJG.jpeg"},{"id":"01FCWY5SHMN6H8T1TAJF5P37XP","createdAt":"2021-08-12T10:22:56.567057Z","updatedAt":"2021-08-12T13:31:43.734347Z","organizationId":"01FCWY0K01KJ7YK20DSC0NJMTJ","projectId":"01FCWY1S1VYHGD7J1SFJQK8W1X","datasourceId":"01FCWY1S223NGXYGR6EBD3AYCB","labelerUserID":{"String":"","Valid":false},"dataId":"8.jpg","index":79,"assignTo":"","status":"approved","labelingDuration":8007,"annotations":{"strich":[{"children":{},"data":{"min":[0.20413088800087018,0.7518186267322489],"max":[0.3246725392211505,0.7578772732840946]},"type":"rectangle"}]},"metadata":{"image":{"source":"","width":1478,"height":936,"contentType":"image/jpeg"}},"path":"img/01FCWY5SHMN6H8T1TAJF5P37XP.jpeg"},{"id":"01FCWY6689Y0KBW2RQ28TFDYRF","createdAt":"2021-08-12T10:23:09.579382Z","updatedAt":"2021-08-12T13:31:44.199768Z","organizationId":"01FCWY0K01KJ7YK20DSC0NJMTJ","projectId":"01FCWY1S1VYHGD7J1SFJQK8W1X","datasourceId":"01FCWY1S223NGXYGR6EBD3AYCB","labelerUserID":{"String":"","Valid":false},"dataId":"92.jpg","index":93,"assignTo":"","status":"approved","labelingDuration":7599,"annotations":{"strich":[{"children":{},"data":{"min":[0.10333324473595783,0.7751243529425882],"max":[0.23907562270950272,0.7975232850230726]},"type":"rectangle"}]},"metadata":{"image":{"source":"","width":1478,"height":936,"contentType":"image/jpeg"}},"path":"img/01FCWY6689Y0KBW2RQ28TFDYRF.jpeg"},{"id":"01FCWY64W4APQGPRR83NR5ESVQ","createdAt":"2021-08-12T10:23:08.166614Z","updatedAt":"2021-08-12T13:31:44.200381Z","organizationId":"01FCWY0K01KJ7YK20DSC0NJMTJ","projectId":"01FCWY1S1VYHGD7J1SFJQK8W1X","datasourceId":"01FCWY1S223NGXYGR6EBD3AYCB","labelerUserID":{"String":"","Valid":false},"dataId":"90.jpg","index":91,"assignTo":"","status":"approved","labelingDuration":6457,"annotations":{"strich":[{"children":{},"data":{"min":[0.13382018410749047,0.8433998972151443],"max":[0.2400289135452036,0.8568635222673721]},"type":"rectangle"}]},"metadata":{"image":{"source":"","width":1478,"height":936,"contentType":"image/jpeg"}},"path":"img/01FCWY64W4APQGPRR83NR5ESVQ.jpeg"},{"id":"01FCWY424BJQ5G70HAKGZ1KEXH","createdAt":"2021-08-12T10:21:59.821615Z","updatedAt":"2021-08-12T13:31:25.27321Z","organizationId":"01FCWY0K01KJ7YK20DSC0NJMTJ","projectId":"01FCWY1S1VYHGD7J1SFJQK8W1X","datasourceId":"01FCWY1S223NGXYGR6EBD3AYCB","labelerUserID":{"String":"","Valid":false},"dataId":"37.jpg","index":32,"assignTo":"","status":"approved","labelingDuration":8532,"annotations":{"strich":[{"children":{},"data":{"min":[0.5270597695236088,0.9300811629880614],"max":[0.6590486375038302,0.9474308203052766]},"type":"rectangle"}]},"metadata":{"image":{"source":"","width":1478,"height":936,"contentType":"image/jpeg"}},"path":"img/01FCWY424BJQ5G70HAKGZ1KEXH.jpeg"},{"id":"01FCWY3N65PXN57MYDS5092G9A","createdAt":"2021-08-12T10:21:46.567743Z","updatedAt":"2021-08-12T13:31:21.568838Z","organizationId":"01FCWY0K01KJ7YK20DSC0NJMTJ","projectId":"01FCWY1S1VYHGD7J1SFJQK8W1X","datasourceId":"01FCWY1S223NGXYGR6EBD3AYCB","labelerUserID":{"String":"","Valid":false},"dataId":"24.jpg","index":18,"assignTo":"","status":"approved","labelingDuration":12338,"annotations":{"strich":[{"children":{},"data":{"min":[0.22144885991099866,0.4437168055988617],"max":[0.3550249926804864,0.4478205270357123]},"type":"rectangle"}]},"metadata":{"image":{"source":"","width":2048,"height":1536,"contentType":"image/jpeg"}},"path":"img/01FCWY3N65PXN57MYDS5092G9A.jpeg"},{"id":"01FCWY55MQR83PGZ162S6RTTWX","createdAt":"2021-08-12T10:22:36.185885Z","updatedAt":"2021-08-12T13:31:31.14264Z","organizationId":"01FCWY0K01KJ7YK20DSC0NJMTJ","projectId":"01FCWY1S1VYHGD7J1SFJQK8W1X","datasourceId":"01FCWY1S223NGXYGR6EBD3AYCB","labelerUserID":{"String":"","Valid":false},"dataId":"64.jpg","index":62,"assignTo":"","status":"approved","labelingDuration":10403,"annotations":{"strich":[{"children":{},"data":{"min":[0.5722546911512945,0.9197501265691119],"max":[0.6942209260472814,0.9373486217091904]},"type":"rectangle"}]},"metadata":{"image":{"source":"","width":1478,"height":936,"contentType":"image/jpeg"}},"path":"img/01FCWY55MQR83PGZ162S6RTTWX.jpeg"},{"id":"01FCWY50DFGVT84VS48G2SEKAD","createdAt":"2021-08-12T10:22:30.83363Z","updatedAt":"2021-08-12T13:31:31.133191Z","organizationId":"01FCWY0K01KJ7YK20DSC0NJMTJ","projectId":"01FCWY1S1VYHGD7J1SFJQK8W1X","datasourceId":"01FCWY1S223NGXYGR6EBD3AYCB","labelerUserID":{"String":"","Valid":false},"dataId":"61.jpg","index":59,"assignTo":"","status":"approved","labelingDuration":6671,"annotations":{"strich":[{"children":{},"data":{"min":[0.10155614498488284,0.5335920513862243],"max":[0.1884213674182348,0.5505637384095063]},"type":"rectangle"}]},"metadata":{"image":{"source":"","width":2048,"height":1536,"contentType":"image/jpeg"}},"path":"img/01FCWY50DFGVT84VS48G2SEKAD.jpeg"},{"id":"01FCWY56K98CS68C8YT2MW14MS","createdAt":"2021-08-12T10:22:37.163501Z","updatedAt":"2021-08-12T13:31:31.118344Z","organizationId":"01FCWY0K01KJ7YK20DSC0NJMTJ","projectId":"01FCWY1S1VYHGD7J1SFJQK8W1X","datasourceId":"01FCWY1S223NGXYGR6EBD3AYCB","labelerUserID":{"String":"","Valid":false},"dataId":"65.jpg","index":63,"assignTo":"","status":"approved","labelingDuration":8622,"annotations":{"strich":[{"children":{},"data":{"min":[0.3132239801984956,0.8267133648727987],"max":[0.4577644531450484,0.8308401742494056]},"type":"rectangle"}]},"metadata":{"image":{"source":"","width":1466,"height":936,"contentType":"image/jpeg"}},"path":"img/01FCWY56K98CS68C8YT2MW14MS.jpeg"},{"id":"01FCWY5RPJ51NKK9PEKX6DS7CB","createdAt":"2021-08-12T10:22:55.700467Z","updatedAt":"2021-08-12T13:31:43.729546Z","organizationId":"01FCWY0K01KJ7YK20DSC0NJMTJ","projectId":"01FCWY1S1VYHGD7J1SFJQK8W1X","datasourceId":"01FCWY1S223NGXYGR6EBD3AYCB","labelerUserID":{"String":"","Valid":false},"dataId":"79.jpg","index":78,"assignTo":"","status":"approved","labelingDuration":7904,"annotations":{"strich":[{"children":{},"data":{"min":[0.4548694000604008,0.5067136625613334],"max":[0.530385675008264,0.5131452983131338]},"type":"rectangle"}]},"metadata":{"image":{"source":"","width":2048,"height":1536,"contentType":"image/jpeg"}},"path":"img/01FCWY5RPJ51NKK9PEKX6DS7CB.jpeg"},{"id":"01FCWY3KR6KQC2Z25MM8G3Q9SX","createdAt":"2021-08-12T10:21:45.096758Z","updatedAt":"2021-08-12T13:31:21.571449Z","organizationId":"01FCWY0K01KJ7YK20DSC0NJMTJ","projectId":"01FCWY1S1VYHGD7J1SFJQK8W1X","datasourceId":"01FCWY1S223NGXYGR6EBD3AYCB","labelerUserID":{"String":"","Valid":false},"dataId":"23.jpg","index":17,"assignTo":"","status":"approved","labelingDuration":8417,"annotations":{"strich":[{"children":{},"data":{"min":[0.5169090602006734,0.7754064293042382],"max":[0.7069947862365064,0.8018501425955806]},"type":"rectangle"}]},"metadata":{"image":{"source":"","width":1466,"height":936,"contentType":"image/jpeg"}},"path":"img/01FCWY3KR6KQC2Z25MM8G3Q9SX.jpeg"},{"id":"01FCWY581021P41DTEKT61KV19","createdAt":"2021-08-12T10:22:38.626276Z","updatedAt":"2021-08-12T13:31:31.260615Z","organizationId":"01FCWY0K01KJ7YK20DSC0NJMTJ","projectId":"01FCWY1S1VYHGD7J1SFJQK8W1X","datasourceId":"01FCWY1S223NGXYGR6EBD3AYCB","labelerUserID":{"String":"","Valid":false},"dataId":"67.jpg","index":65,"assignTo":"","status":"approved","labelingDuration":9974,"annotations":{"strich":[{"children":{},"data":{"min":[0.1522320764228488,0.857307971960182],"max":[0.22498505700061652,0.8725240393872977]},"type":"rectangle"}]},"metadata":{"image":{"source":"","width":1478,"height":936,"contentType":"image/jpeg"}},"path":"img/01FCWY581021P41DTEKT61KV19.jpeg"},{"id":"01FCWY5Y3CVF3WCTGJ4RBDFNCK","createdAt":"2021-08-12T10:23:01.230517Z","updatedAt":"2021-08-12T13:31:43.733542Z","organizationId":"01FCWY0K01KJ7YK20DSC0NJMTJ","projectId":"01FCWY1S1VYHGD7J1SFJQK8W1X","datasourceId":"01FCWY1S223NGXYGR6EBD3AYCB","labelerUserID":{"String":"","Valid":false},"dataId":"84.jpg","index":84,"assignTo":"","status":"approved","labelingDuration":6679,"annotations":{"strich":[{"children":{},"data":{"min":[0.17859298603923884,0.9316170003159829],"max":[0.2509172046966367,0.9425981799650249]},"type":"rectangle"}]},"metadata":{"image":{"source":"","width":1478,"height":936,"contentType":"image/jpeg"}},"path":"img/01FCWY5Y3CVF3WCTGJ4RBDFNCK.jpeg"},{"id":"01FCWY3R5CW1A30W10R5DXHAR9","createdAt":"2021-08-12T10:21:49.614592Z","updatedAt":"2021-08-12T13:31:21.589546Z","organizationId":"01FCWY0K01KJ7YK20DSC0NJMTJ","projectId":"01FCWY1S1VYHGD7J1SFJQK8W1X","datasourceId":"01FCWY1S223NGXYGR6EBD3AYCB","labelerUserID":{"String":"","Valid":false},"dataId":"27.jpg","index":21,"assignTo":"","status":"approved","labelingDuration":8622,"annotations":{"strich":[{"children":{},"data":{"min":[0.1316797644724125,0.5259807821477437],"max":[0.2175514412604625,0.530811818816551]},"type":"rectangle"}]},"metadata":{"image":{"source":"","width":2048,"height":1536,"contentType":"image/jpeg"}},"path":"img/01FCWY3R5CW1A30W10R5DXHAR9.jpeg"},{"id":"01FCWY3W087Z4WDVBJ1CTR9JWF","createdAt":"2021-08-12T10:21:53.546721Z","updatedAt":"2021-08-12T13:31:21.675616Z","organizationId":"01FCWY0K01KJ7YK20DSC0NJMTJ","projectId":"01FCWY1S1VYHGD7J1SFJQK8W1X","datasourceId":"01FCWY1S223NGXYGR6EBD3AYCB","labelerUserID":{"String":"","Valid":false},"dataId":"3.jpg","index":24,"assignTo":"","status":"approved","labelingDuration":8186,"annotations":{"strich":[{"children":{},"data":{"min":[0.48212939051479115,0.5559876085319223],"max":[0.6263067771075628,0.5640075895813306]},"type":"rectangle"}]},"metadata":{"image":{"source":"","width":2048,"height":1536,"contentType":"image/jpeg"}},"path":"img/01FCWY3W087Z4WDVBJ1CTR9JWF.jpeg"},{"id":"01FCWY4F64SE94D82EW0107AV8","createdAt":"2021-08-12T10:22:13.190672Z","updatedAt":"2021-08-12T13:31:25.422077Z","organizationId":"01FCWY0K01KJ7YK20DSC0NJMTJ","projectId":"01FCWY1S1VYHGD7J1SFJQK8W1X","datasourceId":"01FCWY1S223NGXYGR6EBD3AYCB","labelerUserID":{"String":"","Valid":false},"dataId":"47.jpg","index":43,"assignTo":"","status":"approved","labelingDuration":10148,"annotations":{"strich":[{"children":{},"data":{"min":[0.16957566779083322,0.47478393135217223],"max":[0.2669443597542147,0.49096019966557747]},"type":"rectangle"}]},"metadata":{"image":{"source":"","width":2048,"height":1536,"contentType":"image/jpeg"}},"path":"img/01FCWY4F64SE94D82EW0107AV8.jpeg"},{"id":"01FCWY5XDD2ST8D3CZV65DWGM2","createdAt":"2021-08-12T10:23:00.527144Z","updatedAt":"2021-08-12T13:31:43.74957Z","organizationId":"01FCWY0K01KJ7YK20DSC0NJMTJ","projectId":"01FCWY1S1VYHGD7J1SFJQK8W1X","datasourceId":"01FCWY1S223NGXYGR6EBD3AYCB","labelerUserID":{"String":"","Valid":false},"dataId":"83.jpg","index":83,"assignTo":"","status":"approved","labelingDuration":6560,"annotations":{"strich":[{"children":{},"data":{"min":[0.6032487134585077,0.8009626914414805],"max":[0.7215677155163194,0.8273956253939349]},"type":"rectangle"}]},"metadata":{"image":{"source":"","width":1478,"height":936,"contentType":"image/jpeg"}},"path":"img/01FCWY5XDD2ST8D3CZV65DWGM2.jpeg"},{"id":"01FCWY60K0HGBFDPN330NDMC65","createdAt":"2021-08-12T10:23:03.778581Z","updatedAt":"2021-08-12T13:31:44.183819Z","organizationId":"01FCWY0K01KJ7YK20DSC0NJMTJ","projectId":"01FCWY1S1VYHGD7J1SFJQK8W1X","datasourceId":"01FCWY1S223NGXYGR6EBD3AYCB","labelerUserID":{"String":"","Valid":false},"dataId":"87.jpg","index":87,"assignTo":"","status":"approved","labelingDuration":7477,"annotations":{"strich":[{"children":{},"data":{"min":[0.5669598082293927,0.7740509405246803],"max":[0.7603173708019149,0.8010824539381705]},"type":"rectangle"}]},"metadata":{"image":{"source":"","width":1478,"height":936,"contentType":"image/jpeg"}},"path":"img/01FCWY60K0HGBFDPN330NDMC65.jpeg"},{"id":"01FCWY4A0JKSMNAT5SP609T7E5","createdAt":"2021-08-12T10:22:07.892987Z","updatedAt":"2021-08-12T13:31:25.39118Z","organizationId":"01FCWY0K01KJ7YK20DSC0NJMTJ","projectId":"01FCWY1S1VYHGD7J1SFJQK8W1X","datasourceId":"01FCWY1S223NGXYGR6EBD3AYCB","labelerUserID":{"String":"","Valid":false},"dataId":"43.jpg","index":39,"assignTo":"","status":"approved","labelingDuration":9588,"annotations":{"strich":[{"children":{},"data":{"min":[0.22371346185228622,0.44229023805714124],"max":[0.3431088447632936,0.4458454355631762]},"type":"rectangle"}]},"metadata":{"image":{"source":"","width":2048,"height":1536,"contentType":"image/jpeg"}},"path":"img/01FCWY4A0JKSMNAT5SP609T7E5.jpeg"},{"id":"01FCWY4HR4HRV1DV1WQ59NJVM0","createdAt":"2021-08-12T10:22:15.81514Z","updatedAt":"2021-08-12T13:31:25.418187Z","organizationId":"01FCWY0K01KJ7YK20DSC0NJMTJ","projectId":"01FCWY1S1VYHGD7J1SFJQK8W1X","datasourceId":"01FCWY1S223NGXYGR6EBD3AYCB","labelerUserID":{"String":"","Valid":false},"dataId":"49.jpg","index":45,"assignTo":"","status":"approved","labelingDuration":6660,"annotations":{"strich":[{"children":{},"data":{"min":[0.14973555455401663,0.822373637475231],"max":[0.2875454552739599,0.8322318121621216]},"type":"rectangle"}]},"metadata":{"image":{"source":"","width":1478,"height":936,"contentType":"image/jpeg"}},"path":"img/01FCWY4HR4HRV1DV1WQ59NJVM0.jpeg"},{"id":"01FCWY4JVE2SAHQPR2A923X172","createdAt":"2021-08-12T10:22:16.944984Z","updatedAt":"2021-08-12T13:31:25.44614Z","organizationId":"01FCWY0K01KJ7YK20DSC0NJMTJ","projectId":"01FCWY1S1VYHGD7J1SFJQK8W1X","datasourceId":"01FCWY1S223NGXYGR6EBD3AYCB","labelerUserID":{"String":"","Valid":false},"dataId":"5.jpg","index":46,"assignTo":"","status":"approved","labelingDuration":10066,"annotations":{"strich":[{"children":{},"data":{"min":[0.5093536385416759,0.5766644507625259],"max":[0.6531542839957003,0.5805633518354419]},"type":"rectangle"}]},"metadata":{"image":{"source":"","width":2048,"height":1536,"contentType":"image/jpeg"}},"path":"img/01FCWY4JVE2SAHQPR2A923X172.jpeg"},{"id":"01FCWY4PRH5X890DSD1HEVAEAT","createdAt":"2021-08-12T10:22:20.948164Z","updatedAt":"2021-08-12T13:31:25.430854Z","organizationId":"01FCWY0K01KJ7YK20DSC0NJMTJ","projectId":"01FCWY1S1VYHGD7J1SFJQK8W1X","datasourceId":"01FCWY1S223NGXYGR6EBD3AYCB","labelerUserID":{"String":"","Valid":false},"dataId":"52.jpg","index":49,"assignTo":"","status":"approved","labelingDuration":56706,"annotations":{"strich":[{"children":{},"data":{"min":[0.2628414734116989,0.501945105463133],"max":[0.3555550926512012,0.5135482539600141]},"type":"rectangle"}]},"metadata":{"image":{"source":"","width":2048,"height":1536,"contentType":"image/jpeg"}},"path":"img/01FCWY4PRH5X890DSD1HEVAEAT.jpeg"},{"id":"01FCWY4S3Y5W4ZSX9EBGJ91BZS","createdAt":"2021-08-12T10:22:23.360169Z","updatedAt":"2021-08-12T13:31:31.099206Z","organizationId":"01FCWY0K01KJ7YK20DSC0NJMTJ","projectId":"01FCWY1S1VYHGD7J1SFJQK8W1X","datasourceId":"01FCWY1S223NGXYGR6EBD3AYCB","labelerUserID":{"String":"","Valid":false},"dataId":"54.jpg","index":51,"assignTo":"","status":"approved","labelingDuration":7314,"annotations":{"strich":[{"children":{},"data":{"min":[0.22468088205108427,0.7520127685389325],"max":[0.3131343810647904,0.7682320092586439]},"type":"rectangle"}]},"metadata":{"image":{"source":"","width":1466,"height":936,"contentType":"image/jpeg"}},"path":"img/01FCWY4S3Y5W4ZSX9EBGJ91BZS.jpeg"},{"id":"01FCWY6E6V6CFJS92PX07E5R96","createdAt":"2021-08-12T10:23:17.725807Z","updatedAt":"2021-08-12T13:31:44.236756Z","organizationId":"01FCWY0K01KJ7YK20DSC0NJMTJ","projectId":"01FCWY1S1VYHGD7J1SFJQK8W1X","datasourceId":"01FCWY1S223NGXYGR6EBD3AYCB","labelerUserID":{"String":"","Valid":false},"dataId":"98.jpg","index":99,"assignTo":"","status":"approved","labelingDuration":7524,"annotations":{"strich":[{"children":{},"data":{"min":[0.46212512219737784,0.5233534832005159],"max":[0.5154040974520324,0.5336753359564035]},"type":"rectangle"}]},"metadata":{"image":{"source":"","width":2048,"height":1536,"contentType":"image/jpeg"}},"path":"img/01FCWY6E6V6CFJS92PX07E5R96.jpeg"},{"id":"01FCWY4C2NSZ1JBPGFSGV8YKDP","createdAt":"2021-08-12T10:22:10.008016Z","updatedAt":"2021-08-12T13:31:25.404703Z","organizationId":"01FCWY0K01KJ7YK20DSC0NJMTJ","projectId":"01FCWY1S1VYHGD7J1SFJQK8W1X","datasourceId":"01FCWY1S223NGXYGR6EBD3AYCB","labelerUserID":{"String":"","Valid":false},"dataId":"44.jpg","index":40,"assignTo":"","status":"approved","labelingDuration":9057,"annotations":{"strich":[{"children":{},"data":{"min":[0.20974833780251478,0.4509822197583666],"max":[0.34466415597058275,0.45751999068281046]},"type":"rectangle"}]},"metadata":{"image":{"source":"","width":2048,"height":1536,"contentType":"image/jpeg"}},"path":"img/01FCWY4C2NSZ1JBPGFSGV8YKDP.jpeg"},{"id":"01FCWY4H2CRJ4KCYD09WHPKNYE","createdAt":"2021-08-12T10:22:15.118902Z","updatedAt":"2021-08-12T13:31:25.430336Z","organizationId":"01FCWY0K01KJ7YK20DSC0NJMTJ","projectId":"01FCWY1S1VYHGD7J1SFJQK8W1X","datasourceId":"01FCWY1S223NGXYGR6EBD3AYCB","labelerUserID":{"String":"","Valid":false},"dataId":"48.jpg","index":44,"assignTo":"","status":"approved","labelingDuration":6905,"annotations":{"strich":[{"children":{},"data":{"min":[0.46689869492593405,0.42661129568672534],"max":[0.5357955970043302,0.43181444714577083]},"type":"rectangle"}]},"metadata":{"image":{"source":"","width":2048,"height":1536,"contentType":"image/jpeg"}},"path":"img/01FCWY4H2CRJ4KCYD09WHPKNYE.jpeg"},{"id":"01FCWY4KM2AJR2C9ZXBJ95BWKQ","createdAt":"2021-08-12T10:22:17.73318Z","updatedAt":"2021-08-12T13:31:25.485853Z","organizationId":"01FCWY0K01KJ7YK20DSC0NJMTJ","projectId":"01FCWY1S1VYHGD7J1SFJQK8W1X","datasourceId":"01FCWY1S223NGXYGR6EBD3AYCB","labelerUserID":{"String":"","Valid":false},"dataId":"50.jpg","index":47,"assignTo":"","status":"approved","labelingDuration":7499,"annotations":{"strich":[{"children":{},"data":{"min":[0.4499424634993772,0.7925718976931834],"max":[0.5852296290538688,0.8077500285632461]},"type":"rectangle"}]},"metadata":{"image":{"source":"","width":1478,"height":936,"contentType":"image/jpeg"}},"path":"img/01FCWY4KM2AJR2C9ZXBJ95BWKQ.jpeg"},{"id":"01FCWY5YR1JR5YN0T1YRNVXZ5D","createdAt":"2021-08-12T10:23:01.891826Z","updatedAt":"2021-08-12T13:31:43.748921Z","organizationId":"01FCWY0K01KJ7YK20DSC0NJMTJ","projectId":"01FCWY1S1VYHGD7J1SFJQK8W1X","datasourceId":"01FCWY1S223NGXYGR6EBD3AYCB","labelerUserID":{"String":"","Valid":false},"dataId":"85.jpg","index":85,"assignTo":"","status":"approved","labelingDuration":8446,"annotations":{"strich":[{"children":{},"data":{"min":[0.5018512510581379,0.934493907185639],"max":[0.6927118379125711,0.9544879163801543]},"type":"rectangle"}]},"metadata":{"image":{"source":"","width":1478,"height":936,"contentType":"image/jpeg"}},"path":"img/01FCWY5YR1JR5YN0T1YRNVXZ5D.jpeg"},{"id":"01FCWY4CVQQQX9GSCC3R0JBY65","createdAt":"2021-08-12T10:22:10.809743Z","updatedAt":"2021-08-12T13:31:25.426859Z","organizationId":"01FCWY0K01KJ7YK20DSC0NJMTJ","projectId":"01FCWY1S1VYHGD7J1SFJQK8W1X","datasourceId":"01FCWY1S223NGXYGR6EBD3AYCB","labelerUserID":{"String":"","Valid":false},"dataId":"45.jpg","index":41,"assignTo":"","status":"approved","labelingDuration":10101,"annotations":{"strich":[{"children":{},"data":{"min":[0.7591512574114113,0.7207568940675484],"max":[0.9396455781688589,0.730558871069294]},"type":"rectangle"}]},"metadata":{"image":{"source":"","width":1478,"height":936,"contentType":"image/jpeg"}},"path":"img/01FCWY4CVQQQX9GSCC3R0JBY65.jpeg"},{"id":"01FCWY4XQH62953FXG0RV6KAHR","createdAt":"2021-08-12T10:22:28.084184Z","updatedAt":"2021-08-12T13:31:31.109337Z","organizationId":"01FCWY0K01KJ7YK20DSC0NJMTJ","projectId":"01FCWY1S1VYHGD7J1SFJQK8W1X","datasourceId":"01FCWY1S223NGXYGR6EBD3AYCB","labelerUserID":{"String":"","Valid":false},"dataId":"59.jpg","index":56,"assignTo":"","status":"approved","labelingDuration":6849,"annotations":{"strich":[{"children":{},"data":{"min":[0.40913807941545477,0.473580907218109],"max":[0.4952760685428905,0.49033355873763035]},"type":"rectangle"}]},"metadata":{"image":{"source":"","width":2048,"height":1536,"contentType":"image/jpeg"}},"path":"img/01FCWY4XQH62953FXG0RV6KAHR.jpeg"},{"id":"01FCWY5ZYPQNMDB5RS8SM47PFR","createdAt":"2021-08-12T10:23:03.128513Z","updatedAt":"2021-08-12T13:31:43.746312Z","organizationId":"01FCWY0K01KJ7YK20DSC0NJMTJ","projectId":"01FCWY1S1VYHGD7J1SFJQK8W1X","datasourceId":"01FCWY1S223NGXYGR6EBD3AYCB","labelerUserID":{"String":"","Valid":false},"dataId":"86.jpg","index":86,"assignTo":"","status":"approved","labelingDuration":6537,"annotations":{"strich":[{"children":{},"data":{"min":[0.2690682894652627,0.43881422511416396],"max":[0.32439829448290775,0.45193659795999735]},"type":"rectangle"}]},"metadata":{"image":{"source":"","width":2048,"height":1536,"contentType":"image/jpeg"}},"path":"img/01FCWY5ZYPQNMDB5RS8SM47PFR.jpeg"},{"id":"01FCWY4VV8WRY7QZQPB18CBAMW","createdAt":"2021-08-12T10:22:26.154606Z","updatedAt":"2021-08-12T13:31:31.121691Z","organizationId":"01FCWY0K01KJ7YK20DSC0NJMTJ","projectId":"01FCWY1S1VYHGD7J1SFJQK8W1X","datasourceId":"01FCWY1S223NGXYGR6EBD3AYCB","labelerUserID":{"String":"","Valid":false},"dataId":"57.jpg","index":54,"assignTo":"","status":"approved","labelingDuration":6712,"annotations":{"strich":[{"children":{},"data":{"min":[0.5283849273987086,0.7897526974003906],"max":[0.6881425758978015,0.8014085930829637]},"type":"rectangle"}]},"metadata":{"image":{"source":"","width":1478,"height":936,"contentType":"image/jpeg"}},"path":"img/01FCWY4VV8WRY7QZQPB18CBAMW.jpeg"},{"id":"01FCWY5CQ8R7GT32PC4QN1FQ3J","createdAt":"2021-08-12T10:22:43.434522Z","updatedAt":"2021-08-12T13:31:31.266164Z","organizationId":"01FCWY0K01KJ7YK20DSC0NJMTJ","projectId":"01FCWY1S1VYHGD7J1SFJQK8W1X","datasourceId":"01FCWY1S223NGXYGR6EBD3AYCB","labelerUserID":{"String":"","Valid":false},"dataId":"71.jpg","index":70,"assignTo":"","status":"approved","labelingDuration":8109,"annotations":{"strich":[{"children":{},"data":{"min":[0.7721203189407119,0.8404776603103978],"max":[0.9467655473101646,0.8672221613147956]},"type":"rectangle"}]},"metadata":{"image":{"source":"","width":1478,"height":936,"contentType":"image/jpeg"}},"path":"img/01FCWY5CQ8R7GT32PC4QN1FQ3J.jpeg"},{"id":"01FCWY5NK939T3J5VXFXB299VV","createdAt":"2021-08-12T10:22:52.524074Z","updatedAt":"2021-08-12T13:31:43.736573Z","organizationId":"01FCWY0K01KJ7YK20DSC0NJMTJ","projectId":"01FCWY1S1VYHGD7J1SFJQK8W1X","datasourceId":"01FCWY1S223NGXYGR6EBD3AYCB","labelerUserID":{"String":"","Valid":false},"dataId":"77.jpg","index":76,"assignTo":"","status":"approved","labelingDuration":6673,"annotations":{"strich":[{"children":{},"data":{"min":[0.3897598607459857,0.8049145680537568],"max":[0.4615544511051709,0.8330455739048723]},"type":"rectangle"}]},"metadata":{"image":{"source":"","width":1478,"height":936,"contentType":"image/jpeg"}},"path":"img/01FCWY5NK939T3J5VXFXB299VV.jpeg"},{"id":"01FCWY3697NZN6ZTA9MX03HYDP","createdAt":"2021-08-12T10:21:31.305605Z","updatedAt":"2021-08-12T13:31:21.407118Z","organizationId":"01FCWY0K01KJ7YK20DSC0NJMTJ","projectId":"01FCWY1S1VYHGD7J1SFJQK8W1X","datasourceId":"01FCWY1S223NGXYGR6EBD3AYCB","labelerUserID":{"String":"","Valid":false},"dataId":"11.jpg","index":4,"assignTo":"","status":"approved","labelingDuration":13837,"annotations":{"strich":[{"children":{},"data":{"min":[0.8067013958382951,0.8317631037161346],"max":[0.9613063299041539,0.8447666151654354]},"type":"rectangle"}]},"metadata":{"image":{"source":"","width":1478,"height":936,"contentType":"image/jpeg"}},"path":"img/01FCWY3697NZN6ZTA9MX03HYDP.jpeg"},{"id":"01FCWY4WM7HEQ0Q65DB4RTHA9T","createdAt":"2021-08-12T10:22:26.953684Z","updatedAt":"2021-08-12T13:31:31.13922Z","organizationId":"01FCWY0K01KJ7YK20DSC0NJMTJ","projectId":"01FCWY1S1VYHGD7J1SFJQK8W1X","datasourceId":"01FCWY1S223NGXYGR6EBD3AYCB","labelerUserID":{"String":"","Valid":false},"dataId":"58.jpg","index":55,"assignTo":"","status":"approved","labelingDuration":6895,"annotations":{"strich":[{"children":{},"data":{"min":[0.5741820455992356,0.6958873228724329],"max":[0.6732239150262619,0.7022305369770608]},"type":"rectangle"}]},"metadata":{"image":{"source":"","width":1478,"height":936,"contentType":"image/jpeg"}},"path":"img/01FCWY4WM7HEQ0Q65DB4RTHA9T.jpeg"},{"id":"01FCWY5J4WXYN90QWYV99B2A24","createdAt":"2021-08-12T10:22:48.990359Z","updatedAt":"2021-08-12T13:31:31.254841Z","organizationId":"01FCWY0K01KJ7YK20DSC0NJMTJ","projectId":"01FCWY1S1VYHGD7J1SFJQK8W1X","datasourceId":"01FCWY1S223NGXYGR6EBD3AYCB","labelerUserID":{"String":"","Valid":false},"dataId":"74.jpg","index":73,"assignTo":"","status":"approved","labelingDuration":6340,"annotations":{"strich":[{"children":{},"data":{"min":[0.48661511731421675,0.4263064357988408],"max":[0.6204688939614629,0.4421342014370473]},"type":"rectangle"}]},"metadata":{"image":{"source":"","width":2048,"height":1536,"contentType":"image/jpeg"}},"path":"img/01FCWY5J4WXYN90QWYV99B2A24.jpeg"},{"id":"01FCWY5PDM8T6TWBDZCR9F72S8","createdAt":"2021-08-12T10:22:53.3669Z","updatedAt":"2021-08-12T13:31:43.743824Z","organizationId":"01FCWY0K01KJ7YK20DSC0NJMTJ","projectId":"01FCWY1S1VYHGD7J1SFJQK8W1X","datasourceId":"01FCWY1S223NGXYGR6EBD3AYCB","labelerUserID":{"String":"","Valid":false},"dataId":"78.jpg","index":77,"assignTo":"","status":"approved","labelingDuration":6940,"annotations":{"strich":[{"children":{},"data":{"min":[0.45041705567697665,0.7368075575216209],"max":[0.6173583089107941,0.7544636942072289]},"type":"rectangle"}]},"metadata":{"image":{"source":"","width":1478,"height":936,"contentType":"image/jpeg"}},"path":"img/01FCWY5PDM8T6TWBDZCR9F72S8.jpeg"},{"id":"01FCWY6B0S1CZ02EEMWW7BES64","createdAt":"2021-08-12T10:23:14.459849Z","updatedAt":"2021-08-12T13:31:44.202963Z","organizationId":"01FCWY0K01KJ7YK20DSC0NJMTJ","projectId":"01FCWY1S1VYHGD7J1SFJQK8W1X","datasourceId":"01FCWY1S223NGXYGR6EBD3AYCB","labelerUserID":{"String":"","Valid":false},"dataId":"96.jpg","index":97,"assignTo":"","status":"approved","labelingDuration":8372,"annotations":{"strich":[{"children":{},"data":{"min":[0.22910489029682682,0.46103850552819026],"max":[0.376758904069575,0.46827488241939524]},"type":"rectangle"}]},"metadata":{"image":{"source":"","width":2048,"height":1536,"contentType":"image/jpeg"}},"path":"img/01FCWY6B0S1CZ02EEMWW7BES64.jpeg"},{"id":"01FCWY33HKASNNRK6X27WJ1ZEY","createdAt":"2021-08-12T10:21:28.501581Z","updatedAt":"2021-08-12T13:31:21.422621Z","organizationId":"01FCWY0K01KJ7YK20DSC0NJMTJ","projectId":"01FCWY1S1VYHGD7J1SFJQK8W1X","datasourceId":"01FCWY1S223NGXYGR6EBD3AYCB","labelerUserID":{"String":"","Valid":false},"dataId":"0.jpg","index":1,"assignTo":"","status":"approved","labelingDuration":54572,"annotations":{"strich":[{"children":{},"data":{"min":[0.6042559961816945,0.8888609365998252],"max":[0.6779963828041664,0.902498110201929]},"type":"rectangle"}]},"metadata":{"image":{"source":"","width":1478,"height":936,"contentType":"image/jpeg"}},"path":"img/01FCWY33HKASNNRK6X27WJ1ZEY.jpeg"},{"id":"01FCWY35K0CAQHMCNJQMGBDN8P","createdAt":"2021-08-12T10:21:30.596635Z","updatedAt":"2021-08-12T13:31:21.410196Z","organizationId":"01FCWY0K01KJ7YK20DSC0NJMTJ","projectId":"01FCWY1S1VYHGD7J1SFJQK8W1X","datasourceId":"01FCWY1S223NGXYGR6EBD3AYCB","labelerUserID":{"String":"","Valid":false},"dataId":"10.jpg","index":3,"assignTo":"","status":"approved","labelingDuration":16769,"annotations":{"strich":[{"children":{},"data":{"min":[0.4278958996862439,0.7082769939461029],"max":[0.5940168182636555,0.7356615132678066]},"type":"rectangle"}]},"metadata":{"image":{"source":"","width":1478,"height":936,"contentType":"image/jpeg"}},"path":"img/01FCWY35K0CAQHMCNJQMGBDN8P.jpeg"},{"id":"01FCWY3AAAKBQR9MJ8DTS59VYR","createdAt":"2021-08-12T10:21:35.436381Z","updatedAt":"2021-08-12T13:31:21.431395Z","organizationId":"01FCWY0K01KJ7YK20DSC0NJMTJ","projectId":"01FCWY1S1VYHGD7J1SFJQK8W1X","datasourceId":"01FCWY1S223NGXYGR6EBD3AYCB","labelerUserID":{"String":"","Valid":false},"dataId":"15.jpg","index":8,"assignTo":"","status":"approved","labelingDuration":15764,"annotations":{"strich":[{"children":{},"data":{"min":[0.049415978547831536,0.4617565093241176],"max":[0.1588070768832214,0.4684470963782699]},"type":"rectangle"}]},"metadata":{"image":{"source":"","width":2048,"height":1536,"contentType":"image/jpeg"}},"path":"img/01FCWY3AAAKBQR9MJ8DTS59VYR.jpeg"},{"id":"01FCWY3SNG80A76MV88YZSKK6T","createdAt":"2021-08-12T10:21:51.15488Z","updatedAt":"2021-08-12T13:31:21.688031Z","organizationId":"01FCWY0K01KJ7YK20DSC0NJMTJ","projectId":"01FCWY1S1VYHGD7J1SFJQK8W1X","datasourceId":"01FCWY1S223NGXYGR6EBD3AYCB","labelerUserID":{"String":"","Valid":false},"dataId":"28.jpg","index":22,"assignTo":"","status":"approved","labelingDuration":7423,"annotations":{"strich":[{"children":{},"data":{"min":[0.4677973900318366,0.5367018319746947],"max":[0.5317137788120448,0.553518944044865]},"type":"rectangle"}]},"metadata":{"image":{"source":"","width":2048,"height":1536,"contentType":"image/jpeg"}},"path":"img/01FCWY3SNG80A76MV88YZSKK6T.jpeg"},{"id":"01FCWY3EGM9WBFVBT4F4QY6C6W","createdAt":"2021-08-12T10:21:39.734568Z","updatedAt":"2021-08-12T13:31:21.589105Z","organizationId":"01FCWY0K01KJ7YK20DSC0NJMTJ","projectId":"01FCWY1S1VYHGD7J1SFJQK8W1X","datasourceId":"01FCWY1S223NGXYGR6EBD3AYCB","labelerUserID":{"String":"","Valid":false},"dataId":"18.jpg","index":11,"assignTo":"","status":"approved","labelingDuration":9586,"annotations":{"strich":[{"children":{},"data":{"min":[0.2130600420402239,0.5063695256904815],"max":[0.30465569607658693,0.5096013129266764]},"type":"rectangle"}]},"metadata":{"image":{"source":"","width":2048,"height":1536,"contentType":"image/jpeg"}},"path":"img/01FCWY3EGM9WBFVBT4F4QY6C6W.jpeg"}]}
